no,timing,day,stream,location,id,id2,obs_id,section,block,treatment,fl,w,k,age,sex,maturity,stomach,egg,fish,location,pass,data,pre,pre-post,pre-fl,sgr-fl,pre-w,sgr-w,all,host,nonhost,aa,ben,t-all,host cri,hostkiri,hostother,hostcri,hostkiri,hostother,non-host,aa,ben,stomach,nematoda(n),nematoda(g),noegg,dissection
1,pre,2010/8/6,H,B,RRRR,H-RRRR,RRR,H1-house,H1,house,153,43.7,12.2,2+,1000000,1000000,1000000,1000000,1000000,1000000,1000000,,,,,,,,,,,,,,,,,,,,,,,,,,,
2,pre,2010/8/6,H,B,RRRG,H-RRRG,RRG,H1-house,H1,house,164,56.2,12.7,2+,1000000,1000000,1000000,1000000,1000000,1000000,1000000,,,,,,,,,,,,,,,,,,,,,,,,,,,
3,pre,2010/8/6,H,B,RRRY,H-RRRY,1000000,H1-house,H1,house,125,24.8,12.7,1+,1000000,1000000,1000000,1000000,1000000,1000000,1000000,,,,,,,,,,,,,,,,,,,,,,,,,,,
4,pre,2010/8/6,H,B,RRRD,H-RRRD,1000000,H1-house,H1,house,122,21.2,11.7,1+,1000000,1000000,1000000,1000000,1000000,1000000,1000000,,,,,,,,,,,,,,,,,,,,,,,,,,,
5,pre,2010/8/6,H,B,RRGR,H-RRGR,1000000,H1-house,H1,house,93,11.6,14.4,1+,1000000,1000000,1000000,1000000,1000000,1000000,1000000,,,,,,,,,,,,,,,,,,,,,,,,,,,
6,pre,2010/8/6,H,B,RRGG,H-RRGG,1000000,H1-house,H1,house,88,8.5,12.5,1+,1000000,1000000,1000000,1000000,1000000,1000000,1000000,,,,,,,,,,,,,,,,,,,,,,,,,,,
7,pre,2010/8/6,H,B,RRGY,H-RRGY,1000000,H1-house,H1,house,121,20.6,11.6,1+,1000000,1000000,1000000,1000000,1000000,1000000,1000000,,,,,,,,,,,,,,,,,,,,,,,,,,,
8,pre,2010/8/6,H,B,RRGD,H-RRGD,1000000,H1-house,H1,house,114,17.9,12.1,1+,1000000,1000000,1000000,1000000,1000000,1000000,1000000,,,,,,,,,,,,,,,,,,,,,,,,,,,
9,pre,2010/8/6,H,B,RRYR,H-RRYR,1000000,H1-house,H1,house,90,8.4,11.5,1+,1000000,1000000,1000000,1000000,1000000,1000000,1000000,,,,,,,,,,,,,,,,,,,,,,,,,,,
10,pre,2010/8/6,H,B,RRYG,H-RRYG,1000000,H1-house,H1,house,87,7.4,11.2,1+,1000000,1000000,1000000,1000000,1000000,1000000,1000000,,,,,,,,,,,,,,,,,,,,,,,,,,,
11,pre,2010/8/6,H,B,RRYY,H-RRYY,RRY,H1-house,H1,house,168,55.3,11.7,2+,1000000,1000000,1000000,1000000,1000000,1000000,1000000,,,,,,,,,,,,,,,,,,,,,,,,,,,
12,pre,2010/8/6,H,B,RRYD,H-RRYD,RRD,H1-house,H1,house,144,38.7,13,2+,1000000,1000000,1000000,1000000,1000000,1000000,1000000,,,,,,,,,,,,,,,,,,,,,,,,,,,
13,pre,2010/8/6,H,B,RRDR,H-RRDR,1000000,H1-house,H1,house,118,13.7,8.3,1+,1000000,1000000,1000000,1000000,1000000,1000000,1000000,,,,,,,,,,,,,,,,,,,,,,,,,,,
14,pre,2010/8/6,H,B,RRDG,H-RRDG,RGR,H1-house,H1,house,155,48,12.9,2+,1000000,1000000,1000000,1000000,1000000,1000000,1000000,,,,,,,,,,,,,,,,,,,,,,,,,,,
15,pre,2010/8/6,H,B,RRDY,H-RRDY,1000000,H1-house,H1,house,116,17.8,11.4,1+,1000000,1000000,1000000,1000000,1000000,1000000,1000000,,,,,,,,,,,,,,,,,,,,,,,,,,,
16,pre,2010/8/6,H,B,RRDD,H-RRDD,1000000,H1-house,H1,house,112,16.9,12,1+,1000000,1000000,1000000,1000000,1000000,1000000,1000000,,,,,,,,,,,,,,,,,,,,,,,,,,,
17,pre,2010/8/6,H,B,RGRR,H-RGRR,RGG,H1-house,H1,house,137,33.7,13.1,2+,1000000,1000000,1000000,1000000,1000000,1000000,1000000,,,,,,,,,,,,,,,,,,,,,,,,,,,
18,pre,2010/8/6,H,B,RGRG,H-RGRG,1000000,H1-house,H1,house,94,9.1,11,1+,1000000,1000000,1000000,1000000,1000000,1000000,1000000,,,,,,,,,,,,,,,,,,,,,,,,,,,
19,pre,2010/8/6,H,B,RGRY,H-RGRY,1000000,H1-house,H1,house,85,7.5,12.2,1+,1000000,1000000,1000000,1000000,1000000,1000000,1000000,,,,,,,,,,,,,,,,,,,,,,,,,,,
20,pre,2010/8/6,H,B,RGRD,H-RGRD,RGY,H1-house,H1,house,155,45.2,12.1,2+,1000000,1000000,1000000,1000000,1000000,1000000,1000000,,,,,,,,,,,,,,,,,,,,,,,,,,,
21,pre,2010/8/6,H,B,RGGR,H-RGGR,RGD,H1-house,H1,house,177,80,14.4,2+,1000000,1000000,1000000,1000000,1000000,1000000,1000000,,,,,,,,,,,,,,,,,,,,,,,,,,,
22,pre,2010/8/6,H,B,RGGG,H-RGGG,RYR,H1-house,H1,house,150,47.7,14.1,2+,1000000,1000000,1000000,1000000,1000000,1000000,1000000,,,,,,,,,,,,,,,,,,,,,,,,,,,
23,pre,2010/8/6,H,B,RGGY,H-RGGY,1000000,H1-house,H1,house,110,16,12,1+,1000000,1000000,1000000,1000000,1000000,1000000,1000000,,,,,,,,,,,,,,,,,,,,,,,,,,,
24,pre,2010/8/6,H,B,RGGD,H-RGGD,1000000,H1-house,H1,house,89,7.9,11.2,1+,1000000,1000000,1000000,1000000,1000000,1000000,1000000,,,,,,,,,,,,,,,,,,,,,,,,,,,
25,pre,2010/8/6,H,B,RGYR,H-RGYR,1000000,H1-house,H1,house,90,8.5,11.7,1+,1000000,1000000,1000000,1000000,1000000,1000000,1000000,,,,,,,,,,,,,,,,,,,,,,,,,,,
26,pre,2010/8/6,H,B,RGYG,H-RGYG,1000000,H1-house,H1,house,91,10.4,13.8,1+,1000000,1000000,1000000,1000000,1000000,1000000,1000000,,,,,,,,,,,,,,,,,,,,,,,,,,,
27,pre,2010/8/6,H,B,RGYY,H-RGYY,1000000,H1-house,H1,house,106,13.2,11.1,1+,1000000,1000000,1000000,1000000,1000000,1000000,1000000,,,,,,,,,,,,,,,,,,,,,,,,,,,
28,pre,2010/8/6,H,B,RGYD,H-RGYD,1000000,H1-house,H1,house,118,18.4,11.2,1+,1000000,1000000,1000000,1000000,1000000,1000000,1000000,,,,,,,,,,,,,,,,,,,,,,,,,,,
29,pre,2010/8/6,H,B,RGDR,H-RGDR,RYG,H1-house,H1,house,166,60.1,13.1,2+,1000000,1000000,1000000,1000000,1000000,1000000,1000000,,,,,,,,,,,,,,,,,,,,,,,,,,,
30,pre,2010/8/6,H,B,RGDY,H-RGDY,1000000,H1-house,H1,house,98,11.6,12.3,1+,1000000,1000000,1000000,1000000,1000000,1000000,1000000,,,,,,,,,,,,,,,,,,,,,,,,,,,
31,pre,2010/8/6,H,A,RGDG,H-RGDG,RYY,H1-net,H1,net,168,57.3,12.1,2+,1000000,1000000,1000000,1000000,1000000,1000000,1000000,,,,,,,,,,,,,,,,,,,,,,,,,,,
32,pre,2010/8/6,H,A,RGDD,H-RGDD,1000000,H1-net,H1,net,132,29.3,12.7,1+,1000000,1000000,1000000,1000000,1000000,1000000,1000000,,,,,,,,,,,,,,,,,,,,,,,,,,,
33,pre,2010/8/6,H,A,RYRR,H-RYRR,1000000,H1-net,H1,net,134,26,10.8,1+,1000000,1000000,1000000,1000000,1000000,1000000,1000000,,,,,,,,,,,,,,,,,,,,,,,,,,,
34,pre,2010/8/6,H,A,RYRG,H-RYRG,RYD,H1-net,H1,net,164,59,13.4,2+,1000000,1000000,1000000,1000000,1000000,1000000,1000000,,,,,,,,,,,,,,,,,,,,,,,,,,,
35,pre,2010/8/6,H,A,RYRY,H-RYRY,RDR,H1-net,H1,net,154,40.4,11.1,2+,1000000,1000000,1000000,1000000,1000000,1000000,1000000,,,,,,,,,,,,,,,,,,,,,,,,,,,
36,pre,2010/8/6,H,A,RYRD,H-RYRD,1000000,H1-net,H1,net,112,15.8,11.2,1+,1000000,1000000,1000000,1000000,1000000,1000000,1000000,,,,,,,,,,,,,,,,,,,,,,,,,,,
37,pre,2010/8/6,H,A,RYGR,H-RYGR,RDG,H1-net,H1,net,143,27.9,9.5,2+,1000000,1000000,1000000,1000000,1000000,1000000,1000000,,,,,,,,,,,,,,,,,,,,,,,,,,,
38,pre,2010/8/6,H,A,RYGG,H-RYGG,RDY,H1-net,H1,net,140,28.9,10.5,2+,1000000,1000000,1000000,1000000,1000000,1000000,1000000,,,,,,,,,,,,,,,,,,,,,,,,,,,
39,pre,2010/8/6,H,A,RYGY,H-RYGY,1000000,H1-net,H1,net,95,9.4,11,1+,1000000,1000000,1000000,1000000,1000000,1000000,1000000,,,,,,,,,,,,,,,,,,,,,,,,,,,
40,pre,2010/8/6,H,A,RYGD,H-RYGD,1000000,H1-net,H1,net,116,18.1,11.6,1+,1000000,1000000,1000000,1000000,1000000,1000000,1000000,,,,,,,,,,,,,,,,,,,,,,,,,,,
41,pre,2010/8/6,H,A,RYYR,H-RYYR,1000000,H1-net,H1,net,132,27,11.7,1+,1000000,1000000,1000000,1000000,1000000,1000000,1000000,,,,,,,,,,,,,,,,,,,,,,,,,,,
42,pre,2010/8/6,H,A,RYYG,H-RYYG,RDD,H1-net,H1,net,150,40.6,12,2+,1000000,1000000,1000000,1000000,1000000,1000000,1000000,,,,,,,,,,,,,,,,,,,,,,,,,,,
43,pre,2010/8/6,H,A,RYYY,H-RYYY,1000000,H1-net,H1,net,105,14.2,12.3,1+,1000000,1000000,1000000,1000000,1000000,1000000,1000000,,,,,,,,,,,,,,,,,,,,,,,,,,,
44,pre,2010/8/6,H,A,RYYD,H-RYYD,GRR,H1-net,H1,net,153,44.5,12.4,2+,1000000,1000000,1000000,1000000,1000000,1000000,1000000,,,,,,,,,,,,,,,,,,,,,,,,,,,
45,pre,2010/8/6,H,A,RYDR,H-RYDR,GRG,H1-net,H1,net,160,55.4,13.5,2+,1000000,1000000,1000000,1000000,1000000,1000000,1000000,,,,,,,,,,,,,,,,,,,,,,,,,,,
46,pre,2010/8/6,H,A,RYDG,H-RYDG,1000000,H1-net,H1,net,115,17.7,11.6,1+,1000000,1000000,1000000,1000000,1000000,1000000,1000000,,,,,,,,,,,,,,,,,,,,,,,,,,,
47,pre,2010/8/6,H,A,RYDY,H-RYDY,1000000,H1-net,H1,net,94,10.1,12.2,1+,1000000,1000000,1000000,1000000,1000000,1000000,1000000,,,,,,,,,,,,,,,,,,,,,,,,,,,
48,pre,2010/8/6,H,A,RYDD,H-RYDD,1000000,H1-net,H1,net,126,22.8,11.4,1+,1000000,1000000,1000000,1000000,1000000,1000000,1000000,,,,,,,,,,,,,,,,,,,,,,,,,,,
49,pre,2010/8/6,H,A,RDRR,H-RDRR,1000000,H1-net,H1,net,114,16.4,11.1,1+,1000000,1000000,1000000,1000000,1000000,1000000,1000000,,,,,,,,,,,,,,,,,,,,,,,,,,,
50,pre,2010/8/6,H,A,RDRG,H-RDRG,1000000,H1-net,H1,net,120,21,12.2,1+,1000000,1000000,1000000,1000000,1000000,1000000,1000000,,,,,,,,,,,,,,,,,,,,,,,,,,,
51,pre,2010/8/6,H,A,RDRY,H-RDRY,1000000,H1-net,H1,net,83,8.2,14.3,1+,1000000,1000000,1000000,1000000,1000000,1000000,1000000,,,,,,,,,,,,,,,,,,,,,,,,,,,
52,pre,2010/8/6,H,A,RDRD,H-RDRD,1000000,H1-net,H1,net,114,18.5,12.5,1+,1000000,1000000,1000000,1000000,1000000,1000000,1000000,,,,,,,,,,,,,,,,,,,,,,,,,,,
53,pre,2010/8/6,H,A,RDGR,H-RDGR,1000000,H1-net,H1,net,105,10.9,9.4,1+,1000000,1000000,1000000,1000000,1000000,1000000,1000000,,,,,,,,,,,,,,,,,,,,,,,,,,,
54,pre,2010/8/6,H,A,RDGG,H-RDGG,1000000,H1-net,H1,net,111,15.7,11.5,1+,1000000,1000000,1000000,1000000,1000000,1000000,1000000,,,,,,,,,,,,,,,,,,,,,,,,,,,
55,pre,2010/8/6,H,C,RDGY,H-RDGY,GRY,H1-all,H1,all,147,33.7,10.6,2+,1000000,1000000,1000000,1000000,1000000,1000000,1000000,,,,,,,,,,,,,,,,,,,,,,,,,,,
56,pre,2010/8/6,H,C,RDGD,H-RDGD,GRD(Y),H1-all,H1,all,159,45,11.2,2+,1000000,1000000,1000000,1000000,1000000,1000000,1000000,,,,,,,,,,,,,,,,,,,,,,,,,,,
57,pre,2010/8/6,H,C,RDYR,H-RDYR,GGR,H1-all,H1,all,164,52.2,11.8,2+,1000000,1000000,1000000,1000000,1000000,1000000,1000000,,,,,,,,,,,,,,,,,,,,,,,,,,,
58,pre,2010/8/6,H,C,RDYG,H-RDYG,GGG,H1-all,H1,all,165,46.3,10.3,2+,1000000,1000000,1000000,1000000,1000000,1000000,1000000,,,,,,,,,,,,,,,,,,,,,,,,,,,
59,pre,2010/8/6,H,C,RDYY,H-RDYY,GGY,H1-all,H1,all,155,46,12.4,2+,1000000,1000000,1000000,1000000,1000000,1000000,1000000,,,,,,,,,,,,,,,,,,,,,,,,,,,
60,pre,2010/8/6,H,C,RDYD,H-RDYD,1000000,H1-all,H1,all,129,27.6,12.9,1+,1000000,1000000,1000000,1000000,1000000,1000000,1000000,,,,,,,,,,,,,,,,,,,,,,,,,,,
61,pre,2010/8/6,H,C,RDDR,H-RDDR,GGD,H1-all,H1,all,167,52.4,11.3,2+,1000000,1000000,1000000,1000000,1000000,1000000,1000000,,,,,,,,,,,,,,,,,,,,,,,,,,,
62,pre,2010/8/6,H,C,RDDG,H-RDDG,GYR,H1-all,H1,all,190,104.4,15.2,2+,1000000,1000000,1000000,1000000,1000000,1000000,1000000,,,,,,,,,,,,,,,,,,,,,,,,,,,
63,pre,2010/8/6,H,C,RDDY,H-RDDY,GYG,H1-all,H1,all,161,51.6,12.4,2+,1000000,1000000,1000000,1000000,1000000,1000000,1000000,,,,,,,,,,,,,,,,,,,,,,,,,,,
64,pre,2010/8/6,H,C,RDDD,H-RDDD,1000000,H1-all,H1,all,132,25.1,10.9,1+,1000000,1000000,1000000,1000000,1000000,1000000,1000000,,,,,,,,,,,,,,,,,,,,,,,,,,,
65,pre,2010/8/6,H,C,GRRR,H-GRRR,1000000,H1-all,H1,all,129,25.4,11.8,1+,1000000,1000000,1000000,1000000,1000000,1000000,1000000,,,,,,,,,,,,,,,,,,,,,,,,,,,
66,pre,2010/8/6,H,C,GRRG,H-GRRG,1000000,H1-all,H1,all,129,25.9,12.1,1+,1000000,1000000,1000000,1000000,1000000,1000000,1000000,,,,,,,,,,,,,,,,,,,,,,,,,,,
67,pre,2010/8/6,H,C,GRRY,H-GRRY,1000000,H1-all,H1,all,127,25.3,12.4,1+,1000000,1000000,1000000,1000000,1000000,1000000,1000000,,,,,,,,,,,,,,,,,,,,,,,,,,,
68,pre,2010/8/6,H,C,GRRD,H-GRRD,1000000,H1-all,H1,all,133,25.3,10.8,1+,1000000,1000000,1000000,1000000,1000000,1000000,1000000,,,,,,,,,,,,,,,,,,,,,,,,,,,
69,pre,2010/8/6,H,C,GRGR,H-GRGR,1000000,H1-all,H1,all,126,20.3,10.1,1+,1000000,1000000,1000000,1000000,1000000,1000000,1000000,,,,,,,,,,,,,,,,,,,,,,,,,,,
70,pre,2010/8/6,H,C,GRGG,H-GRGG,1000000,H1-all,H1,all,94,10.3,12.4,1+,1000000,1000000,1000000,1000000,1000000,1000000,1000000,,,,,,,,,,,,,,,,,,,,,,,,,,,
71,pre,2010/8/6,H,C,GRGY,H-GRGY,1000000,H1-all,H1,all,121,21.9,12.4,1+,1000000,1000000,1000000,1000000,1000000,1000000,1000000,,,,,,,,,,,,,,,,,,,,,,,,,,,
72,pre,2010/8/6,H,C,GRGD,H-GRGD,1000000,H1-all,H1,all,91,9,11.9,1+,1000000,1000000,1000000,1000000,1000000,1000000,1000000,,,,,,,,,,,,,,,,,,,,,,,,,,,
73,pre,2010/8/6,H,C,GRYR,H-GRYR,1000000,H1-all,H1,all,93,9.1,11.3,1+,1000000,1000000,1000000,1000000,1000000,1000000,1000000,,,,,,,,,,,,,,,,,,,,,,,,,,,
74,pre,2010/8/6,H,C,GRYG,H-GRYG,1000000,H1-all,H1,all,112,16.2,11.5,1+,1000000,1000000,1000000,1000000,1000000,1000000,1000000,,,,,,,,,,,,,,,,,,,,,,,,,,,
75,pre,2010/8/6,H,C,GRYY,H-GRYY,1000000,H1-all,H1,all,129,27.6,12.9,1+,1000000,1000000,1000000,1000000,1000000,1000000,1000000,,,,,,,,,,,,,,,,,,,,,,,,,,,
76,pre,2010/8/6,H,C,GRYD,H-GRYD,1000000,H1-all,H1,all,98,11,11.7,1+,1000000,1000000,1000000,1000000,1000000,1000000,1000000,,,,,,,,,,,,,,,,,,,,,,,,,,,
77,pre,2010/8/6,H,C,GRDR,H-GRDR,1000000,H1-all,H1,all,95,10.7,12.5,1+,1000000,1000000,1000000,1000000,1000000,1000000,1000000,,,,,,,,,,,,,,,,,,,,,,,,,,,
78,pre,2010/8/6,H,C,GRDG,H-GRDG,1000000,H1-all,H1,all,123,21.7,11.7,1+,1000000,1000000,1000000,1000000,1000000,1000000,1000000,,,,,,,,,,,,,,,,,,,,,,,,,,,
79,pre,2010/8/6,H,A,GRDY,H-GRDY,GYY,H2-house,H2,house,167,53.1,11.4,2+,1000000,1000000,1000000,1000000,1000000,1000000,1000000,,,,,,,,,,,,,,,,,,,,,,,,,,,
80,pre,2010/8/6,H,A,GRDD,H-GRDD,GYD,H2-house,H2,house,215,113.6,11.4,2+,1000000,1000000,1000000,1000000,1000000,1000000,1000000,,,,,,,,,,,,,,,,,,,,,,,,,,,
81,pre,2010/8/6,H,A,GGRR,H-GGRR,GDR,H2-house,H2,house,156,49,12.9,2+,1000000,1000000,1000000,1000000,1000000,1000000,1000000,,,,,,,,,,,,,,,,,,,,,,,,,,,
82,pre,2010/8/6,H,A,GGRG,H-GGRG,GDG,H2-house,H2,house,190,76.4,11.1,2+,1000000,1000000,1000000,1000000,1000000,1000000,1000000,,,,,,,,,,,,,,,,,,,,,,,,,,,
83,pre,2010/8/6,H,A,GGRY,H-GGRY,GDY,H2-house,H2,house,160,51.3,12.5,2+,1000000,1000000,1000000,1000000,1000000,1000000,1000000,,,,,,,,,,,,,,,,,,,,,,,,,,,
84,pre,2010/8/6,H,A,GGRD,H-GGRD,GDD,H2-house,H2,house,177,56.7,10.2,2+,1000000,1000000,1000000,1000000,1000000,1000000,1000000,,,,,,,,,,,,,,,,,,,,,,,,,,,
85,pre,2010/8/6,H,A,GGGR,H-GGGR,YRR,H2-house,H2,house,170,52.2,10.6,2+,1000000,1000000,1000000,1000000,1000000,1000000,1000000,,,,,,,,,,,,,,,,,,,,,,,,,,,
86,pre,2010/8/6,H,A,GGGG,H-GGGG,YRG,H2-house,H2,house,157,47.2,12.2,2+,1000000,1000000,1000000,1000000,1000000,1000000,1000000,,,,,,,,,,,,,,,,,,,,,,,,,,,
87,pre,2010/8/6,H,A,GGGY,H-GGGY,1000000,H2-house,H2,house,117,18.9,11.8,1+,1000000,1000000,1000000,1000000,1000000,1000000,1000000,,,,,,,,,,,,,,,,,,,,,,,,,,,
88,pre,2010/8/6,H,A,GGGD,H-GGGD,1000000,H2-house,H2,house,112,27.7,19.7,1+,1000000,1000000,1000000,1000000,1000000,1000000,1000000,,,,,,,,,,,,,,,,,,,,,,,,,,,
89,pre,2010/8/6,H,A,GGYR,H-GGYR,1000000,H2-house,H2,house,117,26.4,16.5,1+,1000000,1000000,1000000,1000000,1000000,1000000,1000000,,,,,,,,,,,,,,,,,,,,,,,,,,,
90,pre,2010/8/6,H,A,GGYG,H-GGYG,1000000,H2-house,H2,house,132,27.8,12.1,1+,1000000,1000000,1000000,1000000,1000000,1000000,1000000,,,,,,,,,,,,,,,,,,,,,,,,,,,
91,pre,2010/8/6,H,A,GGYY,H-GGYY,1000000,H2-house,H2,house,98,10.6,11.3,1+,1000000,1000000,1000000,1000000,1000000,1000000,1000000,,,,,,,,,,,,,,,,,,,,,,,,,,,
92,pre,2010/8/6,H,A,GGYD,H-GGYD,1000000,H2-house,H2,house,85,6.9,11.2,1+,1000000,1000000,1000000,1000000,1000000,1000000,1000000,,,,,,,,,,,,,,,,,,,,,,,,,,,
93,pre,2010/8/6,H,A,GGDR,H-GGDR,1000000,H2-house,H2,house,84,8.1,13.7,1+,1000000,1000000,1000000,1000000,1000000,1000000,1000000,,,,,,,,,,,,,,,,,,,,,,,,,,,
94,pre,2010/8/6,H,A,GGDG,H-GGDG,1000000,H2-house,H2,house,114,16.8,11.3,1+,1000000,1000000,1000000,1000000,1000000,1000000,1000000,,,,,,,,,,,,,,,,,,,,,,,,,,,
95,pre,2010/8/6,H,A,GGDY,H-GGDY,1000000,H2-house,H2,house,112,17.1,12.2,1+,1000000,1000000,1000000,1000000,1000000,1000000,1000000,,,,,,,,,,,,,,,,,,,,,,,,,,,
96,pre,2010/8/6,H,A,GGDD,H-GGDD,1000000,H2-house,H2,house,115,18.3,12,1+,1000000,1000000,1000000,1000000,1000000,1000000,1000000,,,,,,,,,,,,,,,,,,,,,,,,,,,
97,pre,2010/8/6,H,A,GYRR,H-GYRR,1000000,H2-house,H2,house,123,21.6,11.6,1+,1000000,1000000,1000000,1000000,1000000,1000000,1000000,,,,,,,,,,,,,,,,,,,,,,,,,,,
98,pre,2010/8/6,H,A,GYRG,H-GYRG,1000000,H2-house,H2,house,92,8.5,10.9,1+,1000000,1000000,1000000,1000000,1000000,1000000,1000000,,,,,,,,,,,,,,,,,,,,,,,,,,,
99,pre,2010/8/6,H,A,GYRY,H-GYRY,1000000,H2-house,H2,house,123,20.2,10.9,1+,1000000,1000000,1000000,1000000,1000000,1000000,1000000,,,,,,,,,,,,,,,,,,,,,,,,,,,
100,pre,2010/8/6,H,A,GYRD,H-GYRD,1000000,H2-house,H2,house,110,15.9,11.9,1+,1000000,1000000,1000000,1000000,1000000,1000000,1000000,,,,,,,,,,,,,,,,,,,,,,,,,,,
101,pre,2010/8/6,H,A,GYGR,H-GYGR,1000000,H2-house,H2,house,122,20.8,11.5,1+,1000000,1000000,1000000,1000000,1000000,1000000,1000000,,,,,,,,,,,,,,,,,,,,,,,,,,,
102,pre,2010/8/6,H,A,GYGG,H-GYGG,1000000,H2-house,H2,house,120,19.5,11.3,1+,1000000,1000000,1000000,1000000,1000000,1000000,1000000,,,,,,,,,,,,,,,,,,,,,,,,,,,
103,pre,2010/8/6,H,B,GYGY,H-GYGY,YRY,H2-net,H2,net,167,55.1,11.8,2+,1000000,1000000,1000000,1000000,1000000,1000000,1000000,,,,,,,,,,,,,,,,,,,,,,,,,,,
104,pre,2010/8/6,H,B,GYGD,H-GYGD,YRD,H2-net,H2,net,171,62.5,12.5,2+,1000000,1000000,1000000,1000000,1000000,1000000,1000000,,,,,,,,,,,,,,,,,,,,,,,,,,,
105,pre,2010/8/6,H,B,GYYR,H-GYYR,YGR,H2-net,H2,net,154,44.5,12.2,2+,1000000,1000000,1000000,1000000,1000000,1000000,1000000,,,,,,,,,,,,,,,,,,,,,,,,,,,
106,pre,2010/8/6,H,B,GYYG,H-GYYG,YGG,H2-net,H2,net,154,47,12.9,2+,1000000,1000000,1000000,1000000,1000000,1000000,1000000,,,,,,,,,,,,,,,,,,,,,,,,,,,
107,pre,2010/8/6,H,B,GYYY,H-GYYY,YGY,H2-net,H2,net,198,113.3,14.6,2+,1000000,1000000,1000000,1000000,1000000,1000000,1000000,,,,,,,,,,,,,,,,,,,,,,,,,,,
108,pre,2010/8/6,H,B,GYYD,H-GYYD,YGD,H2-net,H2,net,190,82.8,12.1,2+,1000000,1000000,1000000,1000000,1000000,1000000,1000000,,,,,,,,,,,,,,,,,,,,,,,,,,,
109,pre,2010/8/6,H,B,GYDR,H-GYDR,YYR,H2-net,H2,net,159,49.9,12.4,2+,1000000,1000000,1000000,1000000,1000000,1000000,1000000,,,,,,,,,,,,,,,,,,,,,,,,,,,
110,pre,2010/8/6,H,B,GYDG,H-GYDG,YYG,H2-net,H2,net,142,34.3,12,2+,1000000,1000000,1000000,1000000,1000000,1000000,1000000,,,,,,,,,,,,,,,,,,,,,,,,,,,
111,pre,2010/8/6,H,B,GDYY,H-GDYY,1000000,H2-net,H2,net,108,13.2,10.5,1+,1000000,1000000,1000000,1000000,1000000,1000000,1000000,,,,,,,,,,,,,,,,,,,,,,,,,,,
112,pre,2010/8/6,H,B,GDYD,H-GDYD,1000000,H2-net,H2,net,104,14.4,12.8,1+,1000000,1000000,1000000,1000000,1000000,1000000,1000000,,,,,,,,,,,,,,,,,,,,,,,,,,,
113,pre,2010/8/6,H,B,GDDR,H-GDDR,1000000,H2-net,H2,net,100,9.9,9.9,1+,1000000,1000000,1000000,1000000,1000000,1000000,1000000,,,,,,,,,,,,,,,,,,,,,,,,,,,
114,pre,2010/8/6,H,B,GDDG,H-GDDG,1000000,H2-net,H2,net,108,15.2,12.1,1+,1000000,1000000,1000000,1000000,1000000,1000000,1000000,,,,,,,,,,,,,,,,,,,,,,,,,,,
115,pre,2010/8/6,H,B,GDDY,H-GDDY,1000000,H2-net,H2,net,108,18.5,14.7,1+,1000000,1000000,1000000,1000000,1000000,1000000,1000000,,,,,,,,,,,,,,,,,,,,,,,,,,,
116,pre,2010/8/6,H,B,GDDD,H-GDDD,1000000,H2-net,H2,net,113,15.2,10.5,1+,1000000,1000000,1000000,1000000,1000000,1000000,1000000,,,,,,,,,,,,,,,,,,,,,,,,,,,
117,pre,2010/8/6,H,B,YRRR,H-YRRR,1000000,H2-net,H2,net,102,10.3,9.7,1+,1000000,1000000,1000000,1000000,1000000,1000000,1000000,,,,,,,,,,,,,,,,,,,,,,,,,,,
118,pre,2010/8/6,H,B,YRRG,H-YRRG,1000000,H2-net,H2,net,103,11.5,10.5,1+,1000000,1000000,1000000,1000000,1000000,1000000,1000000,,,,,,,,,,,,,,,,,,,,,,,,,,,
119,pre,2010/8/6,H,B,YRRY,H-YRRY,1000000,H2-net,H2,net,111,16.6,12.1,1+,1000000,1000000,1000000,1000000,1000000,1000000,1000000,,,,,,,,,,,,,,,,,,,,,,,,,,,
120,pre,2010/8/6,H,B,YRRD,H-YRRD,1000000,H2-net,H2,net,100,10.1,10.1,1+,1000000,1000000,1000000,1000000,1000000,1000000,1000000,,,,,,,,,,,,,,,,,,,,,,,,,,,
121,pre,2010/8/6,H,B,YRGR,H-YRGR,1000000,H2-net,H2,net,104,13.3,11.8,1+,1000000,1000000,1000000,1000000,1000000,1000000,1000000,,,,,,,,,,,,,,,,,,,,,,,,,,,
122,pre,2010/8/6,H,B,YRGG,H-YRGG,1000000,H2-net,H2,net,99,9.4,9.7,1+,1000000,1000000,1000000,1000000,1000000,1000000,1000000,,,,,,,,,,,,,,,,,,,,,,,,,,,
123,pre,2010/8/6,H,B,YRGY,H-YRGY,1000000,H2-net,H2,net,122,21.2,11.7,1+,1000000,1000000,1000000,1000000,1000000,1000000,1000000,,,,,,,,,,,,,,,,,,,,,,,,,,,
124,pre,2010/8/6,H,B,YRGD,H-YRGD,1000000,H2-net,H2,net,123,21.3,11.4,1+,1000000,1000000,1000000,1000000,1000000,1000000,1000000,,,,,,,,,,,,,,,,,,,,,,,,,,,
125,pre,2010/8/6,H,B,YRYR,H-YRYR,1000000,H2-net,H2,net,95,8,9.3,1+,1000000,1000000,1000000,1000000,1000000,1000000,1000000,,,,,,,,,,,,,,,,,,,,,,,,,,,
126,pre,2010/8/6,H,B,YRYG,H-YRYG,1000000,H2-net,H2,net,119,19.3,11.5,1+,1000000,1000000,1000000,1000000,1000000,1000000,1000000,,,,,,,,,,,,,,,,,,,,,,,,,,,
127,pre,2010/8/6,H,C,GYDY,H-GYDY,YYY,H2-all,H2,all,193,79.5,11.1,2+,1000000,1000000,1000000,1000000,1000000,1000000,1000000,,,,,,,,,,,,,,,,,,,,,,,,,,,
128,pre,2010/8/6,H,C,GYDD,H-GYDD,YYD,H2-all,H2,all,211,112.8,12,2+,1000000,1000000,1000000,1000000,1000000,1000000,1000000,,,,,,,,,,,,,,,,,,,,,,,,,,,
129,pre,2010/8/6,H,C,GDRR,H-GDRR,YDR,H2-all,H2,all,154,42.3,11.6,2+,1000000,1000000,1000000,1000000,1000000,1000000,1000000,,,,,,,,,,,,,,,,,,,,,,,,,,,
130,pre,2010/8/6,H,C,GDRG,H-GDRG,YDG,H2-all,H2,all,192,84.8,12,2+,1000000,1000000,1000000,1000000,1000000,1000000,1000000,,,,,,,,,,,,,,,,,,,,,,,,,,,
131,pre,2010/8/6,H,C,GDRY,H-GDRY,YDY,H2-all,H2,all,145,33.6,11,2+,1000000,1000000,1000000,1000000,1000000,1000000,1000000,,,,,,,,,,,,,,,,,,,,,,,,,,,
132,pre,2010/8/6,H,C,GDRD,H-GDRD,YDD,H2-all,H2,all,147,36.2,11.4,2+,1000000,1000000,1000000,1000000,1000000,1000000,1000000,,,,,,,,,,,,,,,,,,,,,,,,,,,
133,pre,2010/8/6,H,C,GDGR,H-GDGR,DRR,H2-all,H2,all,149,34.9,10.6,2+,1000000,1000000,1000000,1000000,1000000,1000000,1000000,,,,,,,,,,,,,,,,,,,,,,,,,,,
134,pre,2010/8/6,H,C,GDGG,H-GDGG,DRG,H2-all,H2,all,145,36.5,12,2+,1000000,1000000,1000000,1000000,1000000,1000000,1000000,,,,,,,,,,,,,,,,,,,,,,,,,,,
135,pre,2010/8/6,H,C,GDGY,H-GDGY,DRY,H2-all,H2,all,148,36.6,11.3,2+,1000000,1000000,1000000,1000000,1000000,1000000,1000000,,,,,,,,,,,,,,,,,,,,,,,,,,,
136,pre,2010/8/6,H,C,GDGD,H-GDGD,DRD,H2-all,H2,all,143,34.4,11.8,2+,1000000,1000000,1000000,1000000,1000000,1000000,1000000,,,,,,,,,,,,,,,,,,,,,,,,,,,
137,pre,2010/8/6,H,C,GDYR,H-GDYR,DGR,H2-all,H2,all,146,35.9,11.5,2+,1000000,1000000,1000000,1000000,1000000,1000000,1000000,,,,,,,,,,,,,,,,,,,,,,,,,,,
138,pre,2010/8/6,H,C,GDYG,H-GDYG,DGG,H2-all,H2,all,175,66.3,12.4,2+,1000000,1000000,1000000,1000000,1000000,1000000,1000000,,,,,,,,,,,,,,,,,,,,,,,,,,,
139,pre,2010/8/6,H,C,YRYY,H-YRYY,1000000,H2-all,H2,all,100,9.4,9.4,1+,1000000,1000000,1000000,1000000,1000000,1000000,1000000,,,,,,,,,,,,,,,,,,,,,,,,,,,
140,pre,2010/8/6,H,C,YRYD,H-YRYD,1000000,H2-all,H2,all,125,19.1,9.8,1+,1000000,1000000,1000000,1000000,1000000,1000000,1000000,,,,,,,,,,,,,,,,,,,,,,,,,,,
141,pre,2010/8/6,H,C,YRDR,H-YRDR,1000000,H2-all,H2,all,125,21.2,10.9,1+,1000000,1000000,1000000,1000000,1000000,1000000,1000000,,,,,,,,,,,,,,,,,,,,,,,,,,,
142,pre,2010/8/6,H,C,YRDG,H-YRDG,1000000,H2-all,H2,all,115,18.2,12,1+,1000000,1000000,1000000,1000000,1000000,1000000,1000000,,,,,,,,,,,,,,,,,,,,,,,,,,,
143,pre,2010/8/6,H,C,YRDY,H-YRDY,1000000,H2-all,H2,all,91,8,10.6,1+,1000000,1000000,1000000,1000000,1000000,1000000,1000000,,,,,,,,,,,,,,,,,,,,,,,,,,,
144,pre,2010/8/6,H,C,YRDD,H-YRDD,1000000,H2-all,H2,all,93,7.8,9.7,1+,1000000,1000000,1000000,1000000,1000000,1000000,1000000,,,,,,,,,,,,,,,,,,,,,,,,,,,
145,pre,2010/8/6,H,C,YGRR,H-YGRR,1000000,H2-all,H2,all,120,19.7,11.4,1+,1000000,1000000,1000000,1000000,1000000,1000000,1000000,,,,,,,,,,,,,,,,,,,,,,,,,,,
146,pre,2010/8/6,H,C,YGRG,H-YGRG,1000000,H2-all,H2,all,126,23.5,11.7,1+,1000000,1000000,1000000,1000000,1000000,1000000,1000000,,,,,,,,,,,,,,,,,,,,,,,,,,,
147,pre,2010/8/6,H,C,YGRY,H-YGRY,1000000,H2-all,H2,all,102,11.9,11.2,1+,1000000,1000000,1000000,1000000,1000000,1000000,1000000,,,,,,,,,,,,,,,,,,,,,,,,,,,
148,pre,2010/8/6,H,C,YGRD,H-YGRD,1000000,H2-all,H2,all,106,13.5,11.3,1+,1000000,1000000,1000000,1000000,1000000,1000000,1000000,,,,,,,,,,,,,,,,,,,,,,,,,,,
149,pre,2010/8/6,H,C,YGGR,H-YGGR,1000000,H2-all,H2,all,92,8.5,10.9,1+,1000000,1000000,1000000,1000000,1000000,1000000,1000000,,,,,,,,,,,,,,,,,,,,,,,,,,,
150,pre,2010/8/6,H,C,YGGG,H-YGGG,1000000,H2-all,H2,all,129,23.5,10.9,1+,1000000,1000000,1000000,1000000,1000000,1000000,1000000,,,,,,,,,,,,,,,,,,,,,,,,,,,
151,pre,2010/8/6,H,C,YGGY,H-YGGY,1000000,H2-all,H2,all,118,18.7,11.4,1+,1000000,1000000,1000000,1000000,1000000,1000000,1000000,,,,,,,,,,,,,,,,,,,,,,,,,,,
152,pre,2010/8/6,H,C,YGGD,H-YGGD,1000000,H2-all,H2,all,88,8.6,12.6,1+,1000000,1000000,1000000,1000000,1000000,1000000,1000000,,,,,,,,,,,,,,,,,,,,,,,,,,,
153,pre,2010/8/6,H,C,YGYR,H-YGYR,1000000,H2-all,H2,all,101,10.6,10.3,1+,1000000,1000000,1000000,1000000,1000000,1000000,1000000,,,,,,,,,,,,,,,,,,,,,,,,,,,
154,pre,2010/8/6,H,C,YGYG,H-YGYG,1000000,H2-all,H2,all,92,8.9,11.4,1+,1000000,1000000,1000000,1000000,1000000,1000000,1000000,,,,,,,,,,,,,,,,,,,,,,,,,,,
155,pre,2010/8/6,H,C,YGYY,H-YGYY,1000000,H2-all,H2,all,113,17.1,11.9,1+,1000000,1000000,1000000,1000000,1000000,1000000,1000000,,,,,,,,,,,,,,,,,,,,,,,,,,,
156,pre,2010/8/6,H,C,YGYD,H-YGYD,1000000,H2-all,H2,all,123,21.2,11.4,1+,1000000,1000000,1000000,1000000,1000000,1000000,1000000,,,,,,,,,,,,,,,,,,,,,,,,,,,
157,pre,2010/8/6,H,C,YYYR,H-YYYR,1000000,H2-all,H2,all,112,15.3,10.9,1+,1000000,1000000,1000000,1000000,1000000,1000000,1000000,,,,,,,,,,,,,,,,,,,,,,,,,,,
158,pre,2010/8/6,H,C,YYYG,H-YYYG,1000000,H2-all,H2,all,124,19.8,10.4,1+,1000000,1000000,1000000,1000000,1000000,1000000,1000000,,,,,,,,,,,,,,,,,,,,,,,,,,,
159,pre,2010/8/6,H,C,YYYY,H-YYYY,1000000,H2-all,H2,all,100,11.4,11.4,1+,1000000,1000000,1000000,1000000,1000000,1000000,1000000,,,,,,,,,,,,,,,,,,,,,,,,,,,
160,pre,2010/8/6,H,C,YYYD,H-YYYD,1000000,H2-all,H2,all,105,13.6,11.7,1+,1000000,1000000,1000000,1000000,1000000,1000000,1000000,,,,,,,,,,,,,,,,,,,,,,,,,,,
161,pre,2010/8/6,H,C,YYDR,H-YYDR,1000000,H2-all,H2,all,87,6.2,9.4,1+,1000000,1000000,1000000,1000000,1000000,1000000,1000000,,,,,,,,,,,,,,,,,,,,,,,,,,,
162,pre,2010/8/6,H,C,YYGDD,H-YYGDD,1000000,H2-all,H2,all,87,8,12.1,1+,1000000,1000000,1000000,1000000,1000000,1000000,1000000,,,,,,,,,,,,,,,,,,,,,,,,,,,
163,pre,2010/8/6,N,C,GRGD,N-GRGD,RDY,N1-house,N1,house,187,93.4,14.28308618,2+,1000000,1000000,1000000,1000000,1000000,1000000,1000000,,,,,,,,,,,,,,,,,,,,,,,,,,,
164,pre,2010/8/6,N,C,GRYR,N-GRYR,RDD,N1-house,N1,house,141,37.6,13.41314153,2+,1000000,1000000,1000000,1000000,1000000,1000000,1000000,,,,,,,,,,,,,,,,,,,,,,,,,,,
165,pre,2010/8/6,N,C,GRYG,N-GRYG,GRR,N1-house,N1,house,169,71.6,14.83381671,2+,1000000,1000000,1000000,1000000,1000000,1000000,1000000,,,,,,,,,,,,,,,,,,,,,,,,,,,
166,pre,2010/8/6,N,C,GRYY,N-GRYY,GRG,N1-house,N1,house,166,52.4,11.45531465,2+,1000000,1000000,1000000,1000000,1000000,1000000,1000000,,,,,,,,,,,,,,,,,,,,,,,,,,,
167,pre,2010/8/6,N,C,GRYD,N-GRYD,GRY,N1-house,N1,house,174,61.5,11.6742065,2+,1000000,1000000,1000000,1000000,1000000,1000000,1000000,,,,,,,,,,,,,,,,,,,,,,,,,,,
168,pre,2010/8/6,N,C,GRDR,N-GRDR,GRD,N1-house,N1,house,173,57.6,11.1245941,2+,1000000,1000000,1000000,1000000,1000000,1000000,1000000,,,,,,,,,,,,,,,,,,,,,,,,,,,
169,pre,2010/8/6,N,C,GRDG,N-GRDG,GGR,N1-house,N1,house,152,43.1,12.27288052,2+,1000000,1000000,1000000,1000000,1000000,1000000,1000000,,,,,,,,,,,,,,,,,,,,,,,,,,,
170,pre,2010/8/6,N,C,GRDY,N-GRDY,GGG,N1-house,N1,house,154,38,10.40450526,2+,1000000,1000000,1000000,1000000,1000000,1000000,1000000,,,,,,,,,,,,,,,,,,,,,,,,,,,
171,pre,2010/8/6,N,C,GRDD,N-GRDD,GGY,N1-house,N1,house,143,37.9,12.96077877,2+,1000000,1000000,1000000,1000000,1000000,1000000,1000000,,,,,,,,,,,,,,,,,,,,,,,,,,,
172,pre,2010/8/6,N,C,GGRR,N-GGRR,1000000,N1-house,N1,house,84,6.9,11.64156139,1+,1000000,1000000,1000000,1000000,1000000,1000000,1000000,,,,,,,,,,,,,,,,,,,,,,,,,,,
173,pre,2010/8/6,N,C,GGRG,N-GGRG,1000000,N1-house,N1,house,125,22.4,11.4688,1+,1000000,1000000,1000000,1000000,1000000,1000000,1000000,,,,,,,,,,,,,,,,,,,,,,,,,,,
174,pre,2010/8/6,N,C,GGRY,N-GGRY,1000000,N1-house,N1,house,124,22.8,11.95830956,1+,1000000,1000000,1000000,1000000,1000000,1000000,1000000,,,,,,,,,,,,,,,,,,,,,,,,,,,
175,pre,2010/8/6,N,C,GGRD,N-GGRD,1000000,N1-house,N1,house,102,10.9,10.27131345,1+,1000000,1000000,1000000,1000000,1000000,1000000,1000000,,,,,,,,,,,,,,,,,,,,,,,,,,,
176,pre,2010/8/6,N,C,GGGR,N-GGGR,1000000,N1-house,N1,house,101,12.5,12.13237685,1+,1000000,1000000,1000000,1000000,1000000,1000000,1000000,,,,,,,,,,,,,,,,,,,,,,,,,,,
177,pre,2010/8/6,N,C,GGGG,N-GGGG,1000000,N1-house,N1,house,99,10.9,11.23365066,1+,1000000,1000000,1000000,1000000,1000000,1000000,1000000,,,,,,,,,,,,,,,,,,,,,,,,,,,
178,pre,2010/8/6,N,C,GGGY,N-GGGY,1000000,N1-house,N1,house,93,9,11.18906157,1+,1000000,1000000,1000000,1000000,1000000,1000000,1000000,,,,,,,,,,,,,,,,,,,,,,,,,,,
179,pre,2010/8/6,N,C,GGGD,N-GGGD,1000000,N1-house,N1,house,121,22,12.41842646,1+,1000000,1000000,1000000,1000000,1000000,1000000,1000000,,,,,,,,,,,,,,,,,,,,,,,,,,,
180,pre,2010/8/6,N,C,GGYG,N-GGYG,1000000,N1-house,N1,house,120,19.6,11.34259259,1+,1000000,1000000,1000000,1000000,1000000,1000000,1000000,,,,,,,,,,,,,,,,,,,,,,,,,,,
181,pre,2010/8/6,N,C,GGYY,N-GGYY,1000000,N1-house,N1,house,85,7.8,12.70099735,1+,1000000,1000000,1000000,1000000,1000000,1000000,1000000,,,,,,,,,,,,,,,,,,,,,,,,,,,
182,pre,2010/8/6,N,C,GGYD,N-GGYD,1000000,N1-house,N1,house,89,7.9,11.20616651,1+,1000000,1000000,1000000,1000000,1000000,1000000,1000000,,,,,,,,,,,,,,,,,,,,,,,,,,,
183,pre,2010/8/6,N,C,GGDR,N-GGDR,1000000,N1-house,N1,house,122,19.4,10.68371361,1+,1000000,1000000,1000000,1000000,1000000,1000000,1000000,,,,,,,,,,,,,,,,,,,,,,,,,,,
184,pre,2010/8/6,N,C,GGDG,N-GGDG,1000000,N1-house,N1,house,134,28.5,11.84487454,1+,1000000,1000000,1000000,1000000,1000000,1000000,1000000,,,,,,,,,,,,,,,,,,,,,,,,,,,
185,pre,2010/8/6,N,C,GGDY,N-GGDY,1000000,N1-house,N1,house,107,15.2,12.40772773,1+,1000000,1000000,1000000,1000000,1000000,1000000,1000000,,,,,,,,,,,,,,,,,,,,,,,,,,,
186,pre,2010/8/6,N,C,GGDD,N-GGDD,1000000,N1-house,N1,house,87,8,12.14876774,1+,1000000,1000000,1000000,1000000,1000000,1000000,1000000,,,,,,,,,,,,,,,,,,,,,,,,,,,
187,pre,2010/8/6,N,C,GYRR,N-GYRR,1000000,N1-house,N1,house,106,12.4,10.41127911,1+,1000000,1000000,1000000,1000000,1000000,1000000,1000000,,,,,,,,,,,,,,,,,,,,,,,,,,,
188,pre,2010/8/6,N,C,GYRG,N-GYRG,1000000,N1-house,N1,house,85,6.7,10.90983106,1+,1000000,1000000,1000000,1000000,1000000,1000000,1000000,,,,,,,,,,,,,,,,,,,,,,,,,,,
189,pre,2010/8/6,N,B,GYRY,N-GYRY,YRR,N1-net,N1,net,219,132.3,12.59585057,2+,1000000,1000000,1000000,1000000,1000000,1000000,1000000,,,,,,,,,,,,,,,,,,,,,,,,,,,
190,pre,2010/8/6,N,B,GYRD,N-GYRD,YRG,N1-net,N1,net,171,60.1,12.01949278,2+,1000000,1000000,1000000,1000000,1000000,1000000,1000000,,,,,,,,,,,,,,,,,,,,,,,,,,,
191,pre,2010/8/6,N,B,GYGR,N-GYGR,YRY,N1-net,N1,net,147,35.5,11.17574153,2+,1000000,1000000,1000000,1000000,1000000,1000000,1000000,,,,,,,,,,,,,,,,,,,,,,,,,,,
192,pre,2010/8/6,N,B,GYGG,N-GYGG,YRD,N1-net,N1,net,153,43.5,12.14548787,2+,1000000,1000000,1000000,1000000,1000000,1000000,1000000,,,,,,,,,,,,,,,,,,,,,,,,,,,
193,pre,2010/8/6,N,B,GYGY,N-GYGY,YGR,N1-net,N1,net,142,31.7,11.07118809,2+,1000000,1000000,1000000,1000000,1000000,1000000,1000000,,,,,,,,,,,,,,,,,,,,,,,,,,,
194,pre,2010/8/6,N,B,GYGD,N-GYGD,YGG,N1-net,N1,net,140,29,10.56851312,2+,1000000,1000000,1000000,1000000,1000000,1000000,1000000,,,,,,,,,,,,,,,,,,,,,,,,,,,
195,pre,2010/8/6,N,B,GYYR,N-GYYR,YGY,N1-net,N1,net,151,32.9,9.555756094,2+,1000000,1000000,1000000,1000000,1000000,1000000,1000000,,,,,,,,,,,,,,,,,,,,,,,,,,,
196,pre,2010/8/6,N,B,GYYG,N-GYYG,YGD,N1-net,N1,net,142,31.6,11.03626321,2+,1000000,1000000,1000000,1000000,1000000,1000000,1000000,,,,,,,,,,,,,,,,,,,,,,,,,,,
197,pre,2010/8/6,N,B,GYYY,N-GYYY,1000000,N1-net,N1,net,128,25.1,11.96861267,1+,1000000,1000000,1000000,1000000,1000000,1000000,1000000,,,,,,,,,,,,,,,,,,,,,,,,,,,
198,pre,2010/8/6,N,B,GYYD,N-GYYD,1000000,N1-net,N1,net,122,22.5,12.39090497,1+,1000000,1000000,1000000,1000000,1000000,1000000,1000000,,,,,,,,,,,,,,,,,,,,,,,,,,,
199,pre,2010/8/6,N,B,GYDR,N-GYDR,1000000,N1-net,N1,net,101,10.4,10.09413754,1+,1000000,1000000,1000000,1000000,1000000,1000000,1000000,,,,,,,,,,,,,,,,,,,,,,,,,,,
200,pre,2010/8/6,N,B,GYDG,N-GYDG,1000000,N1-net,N1,net,110,13.4,10.06761833,1+,1000000,1000000,1000000,1000000,1000000,1000000,1000000,,,,,,,,,,,,,,,,,,,,,,,,,,,
201,pre,2010/8/6,N,B,GYDY,N-GYDY,1000000,N1-net,N1,net,116,17.6,11.27557505,1+,1000000,1000000,1000000,1000000,1000000,1000000,1000000,,,,,,,,,,,,,,,,,,,,,,,,,,,
202,pre,2010/8/6,N,B,GYDD,N-GYDD,1000000,N1-net,N1,net,100,11.9,11.9,1+,1000000,1000000,1000000,1000000,1000000,1000000,1000000,,,,,,,,,,,,,,,,,,,,,,,,,,,
203,pre,2010/8/6,N,B,GDRR,N-GDRR,1000000,N1-net,N1,net,97,10.1,11.06639508,1+,1000000,1000000,1000000,1000000,1000000,1000000,1000000,,,,,,,,,,,,,,,,,,,,,,,,,,,
204,pre,2010/8/6,N,B,GDRG,N-GDRG,1000000,N1-net,N1,net,108,12.4,9.843519789,1+,1000000,1000000,1000000,1000000,1000000,1000000,1000000,,,,,,,,,,,,,,,,,,,,,,,,,,,
205,pre,2010/8/6,N,B,GDRY,N-GDRY,1000000,N1-net,N1,net,120,19.2,11.11111111,1+,1000000,1000000,1000000,1000000,1000000,1000000,1000000,,,,,,,,,,,,,,,,,,,,,,,,,,,
206,pre,2010/8/6,N,B,GDRD,N-GDRD,1000000,N1-net,N1,net,119,20.3,12.04634103,1+,1000000,1000000,1000000,1000000,1000000,1000000,1000000,,,,,,,,,,,,,,,,,,,,,,,,,,,
207,pre,2010/8/6,N,B,GDGR,N-GDGR,1000000,N1-net,N1,net,130,24.5,11.15157032,1+,1000000,1000000,1000000,1000000,1000000,1000000,1000000,,,,,,,,,,,,,,,,,,,,,,,,,,,
208,pre,2010/8/6,N,B,GDGG,N-GDGG,1000000,N1-net,N1,net,131,27,12.01018998,1+,1000000,1000000,1000000,1000000,1000000,1000000,1000000,,,,,,,,,,,,,,,,,,,,,,,,,,,
209,pre,2010/8/6,N,B,GDGY,N-GDGY,1000000,N1-net,N1,net,85,6.8,11.07266436,1+,1000000,1000000,1000000,1000000,1000000,1000000,1000000,,,,,,,,,,,,,,,,,,,,,,,,,,,
210,pre,2010/8/6,N,B,GDGD,N-GDGD,1000000,N1-net,N1,net,127,21.5,10.49608398,1+,1000000,1000000,1000000,1000000,1000000,1000000,1000000,,,,,,,,,,,,,,,,,,,,,,,,,,,
211,pre,2010/8/6,N,B,GDYR,N-GDYR,YYR,N1-net,N1,net,169,65.7,13.61147706,2+,1000000,1000000,1000000,1000000,1000000,1000000,1000000,,,,,,,,,,,,,,,,,,,,,,,,,,,
212,pre,2010/8/6,N,B,GDYG,N-GDYG,YYG,N1-net,N1,net,173,61.1,11.8005677,2+,1000000,1000000,1000000,1000000,1000000,1000000,1000000,,,,,,,,,,,,,,,,,,,,,,,,,,,
213,pre,2010/8/6,N,B,GDYY,N-GDYY,1000000,N1-net,N1,net,88,7.6,11.15232908,1+,1000000,1000000,1000000,1000000,1000000,1000000,1000000,,,,,,,,,,,,,,,,,,,,,,,,,,,
214,pre,2010/8/6,N,B,GDYD,N-GDYD,1000000,N1-net,N1,net,94,9.2,11.07654373,1+,1000000,1000000,1000000,1000000,1000000,1000000,1000000,,,,,,,,,,,,,,,,,,,,,,,,,,,
215,pre,2010/8/6,N,B,GDDR,N-GDDR,1000000,N1-net,N1,net,106,13.3,11.16693646,1+,1000000,1000000,1000000,1000000,1000000,1000000,1000000,,,,,,,,,,,,,,,,,,,,,,,,,,,
216,pre,2010/8/6,N,B,GDDG,N-GDDG,1000000,N1-net,N1,net,90,7.8,10.69958848,1+,1000000,1000000,1000000,1000000,1000000,1000000,1000000,,,,,,,,,,,,,,,,,,,,,,,,,,,
217,pre,2010/8/6,N,B,GDDY,N-GDDY,1000000,N1-net,N1,net,86,7.8,12.26307118,1+,1000000,1000000,1000000,1000000,1000000,1000000,1000000,,,,,,,,,,,,,,,,,,,,,,,,,,,
218,pre,2010/8/6,N,B,GDDD,N-GDDD,1000000,N1-net,N1,net,107,14.5,11.83631921,1+,1000000,1000000,1000000,1000000,1000000,1000000,1000000,,,,,,,,,,,,,,,,,,,,,,,,,,,
219,pre,2010/8/6,N,A,“ªR-RGY,N-“ªR-RGY,“ªR-RGY,N1-all,N1,all,143,32.8,11.21671619,2+,1000000,1000000,1000000,1000000,1000000,1000000,1000000,,,,,,,,,,,,,,,,,,,,,,,,,,,
220,pre,2010/8/6,N,A,YRRG,N-YRRG,YYD,N1-all,N1,all,171,54,10.79954426,2+,1000000,1000000,1000000,1000000,1000000,1000000,1000000,,,,,,,,,,,,,,,,,,,,,,,,,,,
221,pre,2010/8/6,N,A,YRRY,N-YRRY,YDR,N1-all,N1,all,170,57.3,11.66293507,2+,1000000,1000000,1000000,1000000,1000000,1000000,1000000,,,,,,,,,,,,,,,,,,,,,,,,,,,
222,pre,2010/8/6,N,A,“ªG-GGG,N-“ªG-GGG,“ªG-GGG,N1-all,N1,all,179,59.1,10.30453475,2+,1000000,1000000,1000000,1000000,1000000,1000000,1000000,,,,,,,,,,,,,,,,,,,,,,,,,,,
223,pre,2010/8/6,N,A,YRGR,N-YRGR,YDY,N1-all,N1,all,166,50.1,10.95250504,2+,1000000,1000000,1000000,1000000,1000000,1000000,1000000,,,,,,,,,,,,,,,,,,,,,,,,,,,
224,pre,2010/8/6,N,A,“ªY-GRD,N-“ªY-GRD,“ªY-GRD,N1-all,N1,all,163,53.6,12.37661771,2+,1000000,1000000,1000000,1000000,1000000,1000000,1000000,,,,,,,,,,,,,,,,,,,,,,,,,,,
225,pre,2010/8/6,N,A,YRGY,N-YRGY,DRR,N1-all,N1,all,150,36.4,10.78518519,2+,1000000,1000000,1000000,1000000,1000000,1000000,1000000,,,,,,,,,,,,,,,,,,,,,,,,,,,
226,pre,2010/8/6,N,A,YRGD,N-YRGD,1000000,N1-all,N1,all,95,9.4,10.96369733,1+,1000000,1000000,1000000,1000000,1000000,1000000,1000000,,,,,,,,,,,,,,,,,,,,,,,,,,,
227,pre,2010/8/6,N,A,YRYR,N-YRYR,1000000,N1-all,N1,all,84,6.6,11.13540654,1+,1000000,1000000,1000000,1000000,1000000,1000000,1000000,,,,,,,,,,,,,,,,,,,,,,,,,,,
228,pre,2010/8/6,N,A,YRYG,N-YRYG,1000000,N1-all,N1,all,93,9.1,11.31338448,1+,1000000,1000000,1000000,1000000,1000000,1000000,1000000,,,,,,,,,,,,,,,,,,,,,,,,,,,
229,pre,2010/8/6,N,A,YRYY,N-YRYY,1000000,N1-all,N1,all,91,7.9,10.48341828,1+,1000000,1000000,1000000,1000000,1000000,1000000,1000000,,,,,,,,,,,,,,,,,,,,,,,,,,,
230,pre,2010/8/6,N,A,YRYD,N-YRYD,1000000,N1-all,N1,all,125,20.7,10.5984,1+,1000000,1000000,1000000,1000000,1000000,1000000,1000000,,,,,,,,,,,,,,,,,,,,,,,,,,,
231,pre,2010/8/6,N,A,YRDR,N-YRDR,1000000,N1-all,N1,all,104,12.6,11.20135412,1+,1000000,1000000,1000000,1000000,1000000,1000000,1000000,,,,,,,,,,,,,,,,,,,,,,,,,,,
232,pre,2010/8/6,N,A,YRDG,N-YRDG,1000000,N1-all,N1,all,100,11.1,11.1,1+,1000000,1000000,1000000,1000000,1000000,1000000,1000000,,,,,,,,,,,,,,,,,,,,,,,,,,,
233,pre,2010/8/6,N,A,YRDY,N-YRDY,1000000,N1-all,N1,all,96,9.9,11.18977865,1+,1000000,1000000,1000000,1000000,1000000,1000000,1000000,,,,,,,,,,,,,,,,,,,,,,,,,,,
234,pre,2010/8/6,N,A,YRDD,N-YRDD,1000000,N1-all,N1,all,85,6.9,11.23549766,1+,1000000,1000000,1000000,1000000,1000000,1000000,1000000,,,,,,,,,,,,,,,,,,,,,,,,,,,
235,pre,2010/8/6,N,A,YGRR,N-YGRR,1000000,N1-all,N1,all,90,7.6,10.42524005,1+,1000000,1000000,1000000,1000000,1000000,1000000,1000000,,,,,,,,,,,,,,,,,,,,,,,,,,,
236,pre,2010/8/6,N,A,YGRG,N-YGRG,1000000,N1-all,N1,all,107,13.3,10.85676176,1+,1000000,1000000,1000000,1000000,1000000,1000000,1000000,,,,,,,,,,,,,,,,,,,,,,,,,,,
237,pre,2010/8/6,N,A,YGRY,N-YGRY,1000000,N1-all,N1,all,98,9.7,10.30607995,1+,1000000,1000000,1000000,1000000,1000000,1000000,1000000,,,,,,,,,,,,,,,,,,,,,,,,,,,
238,pre,2010/8/6,N,A,“ªY-YDR,N-“ªY-YDR,“ªY-YDR,N1-all,N1,all,129,22.2,10.34150732,1+,1000000,1000000,1000000,1000000,1000000,1000000,1000000,,,,,,,,,,,,,,,,,,,,,,,,,,,
239,pre,2010/8/6,N,A,YGGR,N-YGGR,1000000,N1-all,N1,all,129,24.6,11.45950811,1+,1000000,1000000,1000000,1000000,1000000,1000000,1000000,,,,,,,,,,,,,,,,,,,,,,,,,,,
240,pre,2010/8/6,N,A,YGGG,N-YGGG,1000000,N1-all,N1,all,100,10.7,10.7,1+,1000000,1000000,1000000,1000000,1000000,1000000,1000000,,,,,,,,,,,,,,,,,,,,,,,,,,,
241,pre,2010/8/6,N,C,RRRR,N-RRRR,RRR,N2-house,N2,house,178,62.3,11.04658503,2+,1000000,1000000,1000000,1000000,1000000,1000000,1000000,,,,,,,,,,,,,,,,,,,,,,,,,,,
242,pre,2010/8/6,N,C,RRRG,N-RRRG,RRG,N2-house,N2,house,168,49,10.33399471,2+,1000000,1000000,1000000,1000000,1000000,1000000,1000000,,,,,,,,,,,,,,,,,,,,,,,,,,,
243,pre,2010/8/6,N,C,RRRY,N-RRRY,RRY,N2-house,N2,house,197,107.6,14.07387187,2+,1000000,1000000,1000000,1000000,1000000,1000000,1000000,,,,,,,,,,,,,,,,,,,,,,,,,,,
244,pre,2010/8/6,N,C,RRRD,N-RRRD,RRD,N2-house,N2,house,164,54.7,12.40097358,2+,1000000,1000000,1000000,1000000,1000000,1000000,1000000,,,,,,,,,,,,,,,,,,,,,,,,,,,
245,pre,2010/8/6,N,C,RRGR,N-RRGR,RGR,N2-house,N2,house,152,50.5,14.38005722,2+,1000000,1000000,1000000,1000000,1000000,1000000,1000000,,,,,,,,,,,,,,,,,,,,,,,,,,,
246,pre,2010/8/6,N,C,RRGG,N-RRGG,RGG,N2-house,N2,house,150,47.9,14.19259259,2+,1000000,1000000,1000000,1000000,1000000,1000000,1000000,,,,,,,,,,,,,,,,,,,,,,,,,,,
247,pre,2010/8/6,N,C,RRGY,N-RRGY,RGY,N2-house,N2,house,159,47.1,11.71735355,2+,1000000,1000000,1000000,1000000,1000000,1000000,1000000,,,,,,,,,,,,,,,,,,,,,,,,,,,
248,pre,2010/8/6,N,C,RRGD,N-RRGD,RGD,N2-house,N2,house,148,35.4,10.91988629,2+,1000000,1000000,1000000,1000000,1000000,1000000,1000000,,,,,,,,,,,,,,,,,,,,,,,,,,,
249,pre,2010/8/6,N,C,RRYR,N-RRYR,1000000,N2-house,N2,house,87,7,10.63017177,1+,1000000,1000000,1000000,1000000,1000000,1000000,1000000,,,,,,,,,,,,,,,,,,,,,,,,,,,
250,pre,2010/8/6,N,C,RRYG,N-RRYG,1000000,N2-house,N2,house,130,22.3,10.15020482,1+,1000000,1000000,1000000,1000000,1000000,1000000,1000000,,,,,,,,,,,,,,,,,,,,,,,,,,,
251,pre,2010/8/6,N,C,RRYY,N-RRYY,1000000,N2-house,N2,house,101,10.3,9.997078524,1+,1000000,1000000,1000000,1000000,1000000,1000000,1000000,,,,,,,,,,,,,,,,,,,,,,,,,,,
252,pre,2010/8/6,N,C,RRYD,N-RRYD,1000000,N2-house,N2,house,130,24,10.92398726,1+,1000000,1000000,1000000,1000000,1000000,1000000,1000000,,,,,,,,,,,,,,,,,,,,,,,,,,,
253,pre,2010/8/6,N,C,RRDR,N-RRDR,1000000,N2-house,N2,house,102,14.4,13.56944162,1+,1000000,1000000,1000000,1000000,1000000,1000000,1000000,,,,,,,,,,,,,,,,,,,,,,,,,,,
254,pre,2010/8/6,N,C,RRDG,N-RRDG,1000000,N2-house,N2,house,101,11.1,10.77355064,1+,1000000,1000000,1000000,1000000,1000000,1000000,1000000,,,,,,,,,,,,,,,,,,,,,,,,,,,
255,pre,2010/8/6,N,C,RRDY,N-RRDY,1000000,N2-house,N2,house,129,20.2,9.409839991,1+,1000000,1000000,1000000,1000000,1000000,1000000,1000000,,,,,,,,,,,,,,,,,,,,,,,,,,,
256,pre,2010/8/6,N,C,RRDD,N-RRDD,1000000,N2-house,N2,house,126,20.8,10.39804517,1+,1000000,1000000,1000000,1000000,1000000,1000000,1000000,,,,,,,,,,,,,,,,,,,,,,,,,,,
257,pre,2010/8/6,N,C,RGRR,N-RGRR,1000000,N2-house,N2,house,104,12.3,10.93465521,1+,1000000,1000000,1000000,1000000,1000000,1000000,1000000,,,,,,,,,,,,,,,,,,,,,,,,,,,
258,pre,2010/8/6,N,C,RGRG,N-RGRG,1000000,N2-house,N2,house,100,10.8,10.8,1+,1000000,1000000,1000000,1000000,1000000,1000000,1000000,,,,,,,,,,,,,,,,,,,,,,,,,,,
259,pre,2010/8/6,N,C,RGRY,N-RGRY,1000000,N2-house,N2,house,100,10.1,10.1,1+,1000000,1000000,1000000,1000000,1000000,1000000,1000000,,,,,,,,,,,,,,,,,,,,,,,,,,,
260,pre,2010/8/6,N,C,RGRD,N-RGRD,1000000,N2-house,N2,house,127,23,11.22836891,1+,1000000,1000000,1000000,1000000,1000000,1000000,1000000,,,,,,,,,,,,,,,,,,,,,,,,,,,
261,pre,2010/8/6,N,C,RGGR,N-RGGR,1000000,N2-house,N2,house,115,18,11.83529218,1+,1000000,1000000,1000000,1000000,1000000,1000000,1000000,,,,,,,,,,,,,,,,,,,,,,,,,,,
262,pre,2010/8/6,N,C,RGGG,N-RGGG,1000000,N2-house,N2,house,115,15.6,10.25725323,1+,1000000,1000000,1000000,1000000,1000000,1000000,1000000,,,,,,,,,,,,,,,,,,,,,,,,,,,
263,pre,2010/8/6,N,C,RGGY,N-RGGY,1000000,N2-house,N2,house,114,16.4,11.06953287,1+,1000000,1000000,1000000,1000000,1000000,1000000,1000000,,,,,,,,,,,,,,,,,,,,,,,,,,,
264,pre,2010/8/6,N,B,RGGD,N-RGGD,GGD,N2-all,N2,all,204,93.1,10.96627617,2+,1000000,1000000,1000000,1000000,1000000,1000000,1000000,,,,,,,,,,,,,,,,,,,,,,,,,,,
265,pre,2010/8/6,N,B,RGYR,N-RGYR,GYR,N2-all,N2,all,153,35.7,9.96767625,2+,1000000,1000000,1000000,1000000,1000000,1000000,1000000,,,,,,,,,,,,,,,,,,,,,,,,,,,
266,pre,2010/8/6,N,B,RGYG,N-RGYG,GYG,N2-all,N2,all,185,82.6,13.04562415,2+,1000000,1000000,1000000,1000000,1000000,1000000,1000000,,,,,,,,,,,,,,,,,,,,,,,,,,,
267,pre,2010/8/6,N,B,RGYY,N-RGYY,GYY,N2-all,N2,all,166,81.7,17.86067189,2+,1000000,1000000,1000000,1000000,1000000,1000000,1000000,,,,,,,,,,,,,,,,,,,,,,,,,,,
268,pre,2010/8/6,N,B,RGYD,N-RGYD,GYD,N2-all,N2,all,168,51.1,10.7768802,2+,1000000,1000000,1000000,1000000,1000000,1000000,1000000,,,,,,,,,,,,,,,,,,,,,,,,,,,
269,pre,2010/8/6,N,B,RGDR,N-RGDR,GDR,N2-all,N2,all,167,50.6,10.86428384,2+,1000000,1000000,1000000,1000000,1000000,1000000,1000000,,,,,,,,,,,,,,,,,,,,,,,,,,,
270,pre,2010/8/6,N,B,RGDG,N-RGDG,GRG,N2-all,N2,all,156,42.3,11.1420877,2+,1000000,1000000,1000000,1000000,1000000,1000000,1000000,,,,,,,,,,,,,,,,,,,,,,,,,,,
271,pre,2010/8/6,N,B,RGDY,N-RGDY,GDY,N2-all,N2,all,150,38.9,11.52592593,2+,1000000,1000000,1000000,1000000,1000000,1000000,1000000,,,,,,,,,,,,,,,,,,,,,,,,,,,
272,pre,2010/8/6,N,B,RGDD,N-RGDD,GDD,N2-all,N2,all,158,45.3,11.48489268,2+,1000000,1000000,1000000,1000000,1000000,1000000,1000000,,,,,,,,,,,,,,,,,,,,,,,,,,,
273,pre,2010/8/6,N,B,RYRR,N-RYRR,1000000,N2-all,N2,all,112,15.3,10.89023779,1+,1000000,1000000,1000000,1000000,1000000,1000000,1000000,,,,,,,,,,,,,,,,,,,,,,,,,,,
274,pre,2010/8/6,N,B,RYRG,N-RYRG,1000000,N2-all,N2,all,91,8.8,11.67773176,1+,1000000,1000000,1000000,1000000,1000000,1000000,1000000,,,,,,,,,,,,,,,,,,,,,,,,,,,
275,pre,2010/8/6,N,B,RYRY,N-RYRY,1000000,N2-all,N2,all,93,8.6,10.69176995,1+,1000000,1000000,1000000,1000000,1000000,1000000,1000000,,,,,,,,,,,,,,,,,,,,,,,,,,,
276,pre,2010/8/6,N,B,RYRD,N-RYRD,1000000,N2-all,N2,all,90,9.2,12.62002743,1+,1000000,1000000,1000000,1000000,1000000,1000000,1000000,,,,,,,,,,,,,,,,,,,,,,,,,,,
277,pre,2010/8/6,N,B,RYGR,N-RYGR,1000000,N2-all,N2,all,130,23.2,10.55985435,1+,1000000,1000000,1000000,1000000,1000000,1000000,1000000,,,,,,,,,,,,,,,,,,,,,,,,,,,
278,pre,2010/8/6,N,B,RYGG,N-RYGG,1000000,N2-all,N2,all,118,18.4,11.19880806,1+,1000000,1000000,1000000,1000000,1000000,1000000,1000000,,,,,,,,,,,,,,,,,,,,,,,,,,,
279,pre,2010/8/6,N,B,RYGY,N-RYGY,1000000,N2-all,N2,all,90,7.3,10.01371742,1+,1000000,1000000,1000000,1000000,1000000,1000000,1000000,,,,,,,,,,,,,,,,,,,,,,,,,,,
280,pre,2010/8/6,N,B,RYGD,N-RYGD,1000000,N2-all,N2,all,86,7.9,12.42029004,1+,1000000,1000000,1000000,1000000,1000000,1000000,1000000,,,,,,,,,,,,,,,,,,,,,,,,,,,
281,pre,2010/8/6,N,B,RYYR,N-RYYR,1000000,N2-all,N2,all,124,20.4,10.69954013,1+,1000000,1000000,1000000,1000000,1000000,1000000,1000000,,,,,,,,,,,,,,,,,,,,,,,,,,,
282,pre,2010/8/6,N,B,RYYG,N-RYYG,1000000,N2-all,N2,all,122,21.3,11.7300567,1+,1000000,1000000,1000000,1000000,1000000,1000000,1000000,,,,,,,,,,,,,,,,,,,,,,,,,,,
283,pre,2010/8/6,N,B,RYYY,N-RYYY,1000000,N2-all,N2,all,128,26.3,12.54081726,1+,1000000,1000000,1000000,1000000,1000000,1000000,1000000,,,,,,,,,,,,,,,,,,,,,,,,,,,
284,pre,2010/8/6,N,B,RYYD,N-RYYD,1000000,N2-all,N2,all,105,13.4,11.57542382,1+,1000000,1000000,1000000,1000000,1000000,1000000,1000000,,,,,,,,,,,,,,,,,,,,,,,,,,,
285,pre,2010/8/6,N,B,RYDR,N-RYDR,1000000,N2-all,N2,all,106,13,10.91505068,1+,1000000,1000000,1000000,1000000,1000000,1000000,1000000,,,,,,,,,,,,,,,,,,,,,,,,,,,
286,pre,2010/8/6,N,B,RYDG,N-RYDG,1000000,N2-all,N2,all,128,27.2,12.9699707,1+,1000000,1000000,1000000,1000000,1000000,1000000,1000000,,,,,,,,,,,,,,,,,,,,,,,,,,,
287,pre,2010/8/6,N,B,RYDY,N-RYDY,1000000,N2-all,N2,all,125,23.4,11.9808,1+,1000000,1000000,1000000,1000000,1000000,1000000,1000000,,,,,,,,,,,,,,,,,,,,,,,,,,,
288,pre,2010/8/6,N,B,RYDD,N-RYDD,1000000,N2-all,N2,all,86,7.2,11.31975801,1+,1000000,1000000,1000000,1000000,1000000,1000000,1000000,,,,,,,,,,,,,,,,,,,,,,,,,,,
289,pre,2010/8/6,N,B,RDRR,N-RDRR,1000000,N2-all,N2,all,102,10.4,9.800152279,1+,1000000,1000000,1000000,1000000,1000000,1000000,1000000,,,,,,,,,,,,,,,,,,,,,,,,,,,
290,pre,2010/8/6,N,B,RDRG,N-RDRG,1000000,N2-all,N2,all,102,11,10.36554568,1+,1000000,1000000,1000000,1000000,1000000,1000000,1000000,,,,,,,,,,,,,,,,,,,,,,,,,,,
291,pre,2010/8/6,N,A,RDRY,N-RDRY,DRY,N2-net,N2,net,168,67.6,14.25669474,2+,1000000,1000000,1000000,1000000,1000000,1000000,1000000,,,,,,,,,,,,,,,,,,,,,,,,,,,
292,pre,2010/8/6,N,A,RDRD,N-RDRD,RYR,N2-net,N2,net,150,36.2,10.72592593,2+,1000000,1000000,1000000,1000000,1000000,1000000,1000000,,,,,,,,,,,,,,,,,,,,,,,,,,,
293,pre,2010/8/6,N,A,RDGR,N-RDGR,RYG,N2-net,N2,net,151,38.5,11.18226777,2+,1000000,1000000,1000000,1000000,1000000,1000000,1000000,,,,,,,,,,,,,,,,,,,,,,,,,,,
294,pre,2010/8/6,N,A,RDGG,N-RDGG,RYY,N2-net,N2,net,155,48.8,13.10462891,2+,1000000,1000000,1000000,1000000,1000000,1000000,1000000,,,,,,,,,,,,,,,,,,,,,,,,,,,
295,pre,2010/8/6,N,A,RDGY,N-RDGY,RYD,N2-net,N2,net,147,38.2,12.0257275,2+,1000000,1000000,1000000,1000000,1000000,1000000,1000000,,,,,,,,,,,,,,,,,,,,,,,,,,,
296,pre,2010/8/6,N,A,RDGD,N-RDGD,RDR,N2-net,N2,net,150,38.8,11.4962963,2+,1000000,1000000,1000000,1000000,1000000,1000000,1000000,,,,,,,,,,,,,,,,,,,,,,,,,,,
297,pre,2010/8/6,N,A,RDYR,N-RDYR,RDG,N2-net,N2,net,146,34.8,11.18203061,2+,1000000,1000000,1000000,1000000,1000000,1000000,1000000,,,,,,,,,,,,,,,,,,,,,,,,,,,
298,pre,2010/8/6,N,A,RDYG,N-RDYG,1000000,N2-net,N2,net,90,7.6,10.42524005,1+,1000000,1000000,1000000,1000000,1000000,1000000,1000000,,,,,,,,,,,,,,,,,,,,,,,,,,,
299,pre,2010/8/6,N,A,RDYY,N-RDYY,1000000,N2-net,N2,net,104,12.5,11.11245448,1+,1000000,1000000,1000000,1000000,1000000,1000000,1000000,,,,,,,,,,,,,,,,,,,,,,,,,,,
300,pre,2010/8/6,N,A,RDYD,N-RDYD,1000000,N2-net,N2,net,110,15.5,11.64537941,1+,1000000,1000000,1000000,1000000,1000000,1000000,1000000,,,,,,,,,,,,,,,,,,,,,,,,,,,
301,pre,2010/8/6,N,A,RDDR,N-RDDR,1000000,N2-net,N2,net,112,16,11.38848397,1+,1000000,1000000,1000000,1000000,1000000,1000000,1000000,,,,,,,,,,,,,,,,,,,,,,,,,,,
302,pre,2010/8/6,N,A,RDDG,N-RDDG,1000000,N2-net,N2,net,116,19,12.1724958,1+,1000000,1000000,1000000,1000000,1000000,1000000,1000000,,,,,,,,,,,,,,,,,,,,,,,,,,,
303,pre,2010/8/6,N,A,RDDY,N-RDDY,1000000,N2-net,N2,net,99,11.3,11.64589472,1+,1000000,1000000,1000000,1000000,1000000,1000000,1000000,,,,,,,,,,,,,,,,,,,,,,,,,,,
304,pre,2010/8/6,N,A,RDDD,N-RDDD,1000000,N2-net,N2,net,112,17.4,12.38497631,1+,1000000,1000000,1000000,1000000,1000000,1000000,1000000,,,,,,,,,,,,,,,,,,,,,,,,,,,
305,pre,2010/8/6,N,A,GRRR,N-GRRR,1000000,N2-net,N2,net,89,8.6,12.19911798,1+,1000000,1000000,1000000,1000000,1000000,1000000,1000000,,,,,,,,,,,,,,,,,,,,,,,,,,,
306,pre,2010/8/6,N,A,GRRG,N-GRRG,1000000,N2-net,N2,net,88,7.5,11.0055879,1+,1000000,1000000,1000000,1000000,1000000,1000000,1000000,,,,,,,,,,,,,,,,,,,,,,,,,,,
307,pre,2010/8/6,N,A,GRRY,N-GRRY,1000000,N2-net,N2,net,107,14.3,11.67305964,1+,1000000,1000000,1000000,1000000,1000000,1000000,1000000,,,,,,,,,,,,,,,,,,,,,,,,,,,
308,pre,2010/8/6,N,A,GRRD,N-GRRD,1000000,N2-net,N2,net,106,14,11.75466996,1+,1000000,1000000,1000000,1000000,1000000,1000000,1000000,,,,,,,,,,,,,,,,,,,,,,,,,,,
309,pre,2010/8/6,N,A,GRGR,N-GRGR,1000000,N2-net,N2,net,86,5.6,8.804256229,1+,1000000,1000000,1000000,1000000,1000000,1000000,1000000,,,,,,,,,,,,,,,,,,,,,,,,,,,
310,pre,2010/8/6,N,A,GRGG,N-GRGG,1000000,N2-net,N2,net,102,11.8,11.11940355,1+,1000000,1000000,1000000,1000000,1000000,1000000,1000000,,,,,,,,,,,,,,,,,,,,,,,,,,,
311,pre,2010/8/6,N,A,GRGY,N-GRGY,1000000,N2-net,N2,net,98,10.4,11.04981768,1+,1000000,1000000,1000000,1000000,1000000,1000000,1000000,,,,,,,,,,,,,,,,,,,,,,,,,,,
312,post,2010/9/28,H,A,GRDD,H-GRDD,GYD,H2-house,H2,house,205,89.6,10.4003134,2+,male,1000000,1,1000000,1000000,1000000,1000000,#VALUE!,H2-house,stay,house,#VALUE!,215,-1.672,0.0408,0.0408,0.0313,0,0.0007,0.0721,0.0408,0,0,,,,,,,,,,,
313,post,2010/9/28,H,A,GGRD,H-GGRD,GDD,H2-house,H2,house,174,52.2,9.908838684,2+,female,1000000,2,1000000,1000000,1000000,1000000,#VALUE!,H2-house,stay,house,#VALUE!,177,-1.664,0,0,,,,0,,,,,,,,,,,,,,
314,post,2010/9/28,H,A,-,-,1000000,H2-house,H2,house,149,33.6,10.15735128,2+,no,1000000,3,1000000,1000000,1000000,1000000,#N/A,#N/A,#N/A,#N/A,#N/A,#N/A,#N/A,0,0,,,,0,,,,,,,,,,,,,,
315,post,2010/9/28,H,A,GGYD,H-GGYD,1000000,H2-house,H2,house,83,5.1,8.919405303,1+,no,1000000,4,1000000,1000000,1000000,1000000,#VALUE!,H2-house,stay,house,#VALUE!,85,-1.065333333,0,0,0.0049,0,0.0089,0.0049,0,0,0,,,,,,,,,,,
316,post,2010/9/28,H,A,GYRR,H-GYRR,1000000,H2-house,H2,house,123,19.6,10.5327248,1+,no,1000000,5,1000000,1000000,1000000,1000000,#VALUE!,H2-house,stay,house,#VALUE!,123,-1.378666667,0,0,0.0127,0.0014,0.0441,0.0127,0,0,0,,,0.0001,,,,,,,,
317,post,2010/9/28,H,A,GGYG,H-GGYG,1000000,H2-house,H2,house,131,22.8,10.1419382,1+,no,1000000,6,1000000,1000000,1000000,1000000,#VALUE!,H2-house,stay,house,#VALUE!,132,-1.456,0,0,0.0324,0,0.0064,0.0324,0,0,0,,,,,,,,,,,
318,post,2010/9/28,H,A,GYRD,H-GYRD,1000000,H2-house,H2,house,110,11.4,8.56498873,1+,no,1000000,7,1000000,1000000,1000000,1000000,#VALUE!,H2-house,stay,house,#VALUE!,110,-1.314666667,0.0126,0.0126,0.0071,0.0007,0.0639,0.0197,0.0126,0,0,,,,,,,,,,,
319,post,2010/9/28,H,A,GGYR,H-GGDR,1000000,H2-house,H2,house,85,6,9.769997965,1+,no,1000000,8,1000000,1000000,1000000,1000000,#VALUE!,H2-house,stay,house,#VALUE!,84,-1.04,0,0,0.0145,0,0.0097,0.0145,0,0,0,,,,,,,,,,,
312,post,2010/10/19,H,C,YGRG,H-YGRG,1000000,H2-all,H2,all,126,23.8,11.89776322,1+,no,0,s1,1000000,1000000,lower,1,#VALUE!,H2-all,stay,all,#VALUE!,126,-1.362666667,0.7783138,0,0.7783138,0,0,0.7783138,0,0,0,0,0,0,2.7652,0,0,data,0,0,,
313,post,2010/10/19,H,C,GDRY,H-GDRY,YDY,H2-all,H2,all,143,30.2,10.32758625,2+,no,0,s2,1000000,1000000,lower,1,#VALUE!,H2-all,stay,all,#VALUE!,145,-1.530666667,0.06126505,0.0597006,0.00005075,0,0.0015137,0.05975135,0.0597006,0,0,0.2124,0,0,0.0005,0,0.0079,data,0,0,,
314,post,2010/10/19,H,C,YGYD,H-YGYD,1000000,H2-all,H2,all,124,20.5,10.75198886,1+,no,0,s3,1000000,1000000,lower,1,#VALUE!,H2-all,stay,all,#VALUE!,123,-1.366666667,0.02708625,0.02707475,0,0,0.0000115,0.02707475,0.02707475,0,0,0.0965,0,0,0,0,0.0005,data,0,0,,
315,post,2010/10/19,H,C,YGGG,H-YGGG,1000000,H2-all,H2,all,129,22.5,10.48125742,1+,no,0,s4,1000000,1000000,lower,1,#VALUE!,H2-all,stay,all,#VALUE!,129,-1.42,0.01077035,0.00292205,0.0078483,0,0,0.01077035,0,0.00292205,0,0,0.0107,0,0.0282,0,0,data,0,0,,
316,post,2010/10/19,H,C,-,-,DRR,H2-all,H2,all,147,33.3,10.48316036,2+,female,1,s5,1000000,1000000,lower,1,#N/A,#N/A,#N/A,#N/A,#N/A,#N/A,#N/A,0.016625,0,0.0126338,0.0028632,0.001128,0.0126338,0,0,0,0,0,0,0.0452,0.016,0.006,data,0,0,,
317,post,2010/10/19,H,C,YGYY,H-YGYY,1000000,H2-all,H2,all,113,16.2,11.22741263,1+,no,0,s6,1000000,1000000,lower,1,#VALUE!,H2-all,stay,all,#VALUE!,113,-1.290666667,0.02212615,0.0160118,0.00596225,0.0001,0.0000521,0.02197405,0.0160118,0,0,0.0572,0,0,0.0215,0.0006,0.0007,data,1,0.0001,,
318,post,2010/10/19,H,C,YYYD,H-YYYD,1000000,H2-all,H2,all,104,12.1,10.75685594,1+,no,0,s7,1000000,1000000,lower,1,#VALUE!,H2-all,stay,all,#VALUE!,105,-1.238666667,0.0050433,0.00050115,0.00444215,0,0.0001,0.0049433,0,0.00050115,0,0,0.0021,0,0.0161,0,0.0002,data,0,0,,
319,post,2010/10/19,H,C,YYDR,H-YYDR,1000000,H2-all,H2,all,91,6.9,9.156403312,1+,no,0,s8,1000000,1000000,lower,1,#VALUE!,H2-all,stay,all,#VALUE!,87,-1.068,0.00566115,0.00157085,0.0001,0,0.0039903,0.00167085,0,0.00157085,0,0,0.0059,0,0.0003,0,0.0201,data,1,0.0001,,
320,post,2010/10/19,H,C,-,-,1000000,H2-all,H2,all,73,4,10.28232699,1+,no,0,1000000,1000000,1000000,lower,1,#N/A,#N/A,#N/A,#N/A,#N/A,#N/A,#N/A,0,0,0,0,0,0,0,0,0,,,,,,,,,,,
321,post,2010/10/19,H,C,-,-,1000000,H2-all,H2,all,74,6.9,17.02761929,1+,no,0,1000000,1000000,1000000,lower,1,#N/A,#N/A,#N/A,#N/A,#N/A,#N/A,#N/A,0,0,0,0,0,0,0,0,0,,,,,,,,,,,
322,post,2010/10/19,H,C,GDGG,H-GDGG,DRG,H2-all,H2,all,150,46.5,13.77777778,2+,female,1,s9,1000000,1000000,upper,1,#VALUE!,H2-all,stay,all,#VALUE!,145,-1.313333333,0.0275533,0.0275533,0,0,0,0.0275533,0.0275533,0,0,0.0982,0,0,0,0,0,data,39,0.012,,
323,post,2010/10/19,H,C,GDYR,H-GDYR,DGR,H2-all,H2,all,149,37,11.18517849,2+,male,1,s10,1000000,1000000,upper,1,#VALUE!,H2-all,stay,all,#VALUE!,146,-1.453333333,0.07722501,0.0721092,0.00472365,0.00005586,0.0003363,0.07683285,0.06378235,0.00832685,0,0.2269,0.0299,0,0.0171,0.0018,0.0021,data,0,0,,
324,post,2010/10/19,H,C,YGRY,H-YGRY,1000000,H2-all,H2,all,107,13.1,10.69350219,1+,no,0,s11,1000000,1000000,upper,1,#VALUE!,H2-all,stay,all,#VALUE!,102,-1.185333333,0.0059399,0.00371025,0.00207755,0.0001,0.0000521,0.0057878,0,0.00371025,0,0,0.0135,0,0.0077,0.001,0.0007,data,1,0.0001,,
325,post,2010/10/19,H,C,-,-,1000000,H2-all,H2,all,134,28.9,12.01111839,1+,female,1,1000000,1000000,1000000,upper,1,#N/A,#N/A,#N/A,#N/A,#N/A,#N/A,#N/A,0,0,0,0,0,0,0,0,0,,,,,,,,,,,
326,post,2010/10/19,H,C,YGYR,H-YGYR,1000000,H2-all,H2,all,104,13,11.55695266,1+,no,0,s12,1000000,1000000,upper,1,#VALUE!,H2-all,stay,all,#VALUE!,101,-1.173333333,0.0128376,0.0031191,0.0091995,0,0.000519,0.0123186,0,0.0031191,0,0,0.0114,0,0.033,0,0.003,data,0,0,,
327,post,2010/10/19,H,C,-,-,1000000,H2-all,H2,all,119,18.3,10.8595094,1+,no,0,1000000,1000000,1000000,upper,1,#N/A,#N/A,#N/A,#N/A,#N/A,#N/A,#N/A,0,0,0,0,0,0,0,0,0,,,,,,,,,,,
328,post,2010/10/19,H,C,-,-,1000000,H2-all,H2,all,88,8.1,11.88603494,1+,no,0,1000000,1000000,1000000,upper,1,#N/A,#N/A,#N/A,#N/A,#N/A,#N/A,#N/A,0,0,0,0,0,0,0,0,0,,,,,,,,,,,
329,post,2010/10/19,H,C,YRDY,H-YRDY,1000000,H2-all,H2,all,99,10.9,11.23365066,1+,no,0,s13,1000000,1000000,upper,2,#VALUE!,H2-all,stay,all,#VALUE!,91,-1.068,0.02355855,0,0.02279595,0,0.0007626,0.02279595,0,0,0,0,0,0,0.0813,0,0.0042,data,0,0,,
330,post,2010/10/19,H,B,GYYR,H-GYYR,YGR,H2-net,H2,net,153,44.1,12.31301184,2+,female,1,s14,1000000,1000000,upper,1,#VALUE!,H2-net,stay,net,#VALUE!,154,-1.465333333,0.00665,0,0.0059904,0.0001,0.0005596,0.0059904,0,0,0,0,0,0,0.0216,0.0004,0.0032,data,5,0.0006,,
331,post,2010/10/19,H,B,-,-,1000000,H2-net,H2,net,127,23.2,11.3260069,1+,male,1,1000000,1000000,1000000,upper,1,#N/A,#N/A,#N/A,#N/A,#N/A,#N/A,#N/A,0,0,0,0,0,0,0,0,0,,,,,,,,,,,
332,post,2010/10/19,H,B,YGGY,H-YGGY,1000000,H2-net,H2,net,117,17.6,10.98892179,1+,no,0,s15,1000000,1000000,upper,1,#VALUE!,H2-all,move,all,#VALUE!,118,-1.338666667,0.00210648,0,0.00179605,0.00007563,0.0002348,0.00179605,0,0,0,0,0,0,0.0067,0.0019,0.0016,data,1,0.0001,,
333,post,2010/10/19,H,B,-,-,1000000,H2-net,H2,net,119,18.9,11.21555889,1+,female,1,1000000,e21,f2,upper,1,#N/A,#N/A,#N/A,#N/A,#N/A,#N/A,#N/A,0,0,0,0,0,0,0,0,0,,,,,,,,,,36,ok
334,post,2010/10/19,H,B,GYGD,H-GYGD,1000000,H2-net,H2,net,164,51.8,11.74351794,1+,male,1,1000000,1000000,f1,upper,1,#VALUE!,H2-net,stay,net,#VALUE!,171,-1.589333333,0,0,0,0,0,0,0,0,0,,,,,,,,,,,ok
335,post,2010/10/19,H,B,YRRD,H-YRRD,1000000,H2-net,H2,net,105,11.7,10.1068999,1+,no,0,s17,1000000,1000000,lower,1,#VALUE!,H2-net,stay,net,#VALUE!,100,-1.177333333,0.00934985,0,0.00911505,0,0.0002348,0.00911505,0,0,0,0,0,0,0.0327,0,0.0016,data,0,0,,
336,post,2010/10/19,H,B,-,-,1000000,H2-net,H2,net,79,5.5,11.15530414,1+,no,0,1000000,1000000,1000000,lower,1,#N/A,#N/A,#N/A,#N/A,#N/A,#N/A,#N/A,0,0,0,0,0,0,0,0,0,,,,,,,,,,,
337,post,2010/10/19,H,B,-,-,1000000,H2-net,H2,net,78,5.5,11.58987845,1+,no,0,1000000,1000000,1000000,lower,1,#N/A,#N/A,#N/A,#N/A,#N/A,#N/A,#N/A,0,0,0,0,0,0,0,0,0,,,,,,,,,,,
338,post,2010/10/19,H,B,GYYY,H-GYYY,YGY,H2-net,H2,net,193,80.2,11.15584422,2+,female,1,s18,e23,f3,upper,1,#VALUE!,H2-net,stay,net,#VALUE!,198,-1.570666667,0.00136635,0,0.00123305,0,0.0001333,0.00123305,0,0,0,0,0,0,0.0047,0,0.0011,data,0,0,17,ok
339,post,2010/10/19,H,B,GYDD,H-GYDD,YYD,H2-net,H2,net,216,112.1,11.12357428,2+,male,1,s19,1000000,1000000,upper,1,#VALUE!,H2-all,move,all,#VALUE!,211,-1.318666667,0.0032122,0.00207755,0.00083895,0,0.0002957,0.0029165,0,0.00207755,0,0,0.0077,0,0.0033,0,0.0019,data,3,0.0013,,
340,post,2010/10/19,H,B,GDYD,H-GDYD,1000000,H2-net,H2,net,107,13.5,11.02002134,1+,no,0,s20,1000000,1000000,upper,1,#VALUE!,H2-net,stay,net,#VALUE!,104,-1.206666667,0.00577465,0.0035132,0.0004167,0.00039195,0.0014528,0.0039299,0,0.0035132,0,0,0.0128,0,0.0018,0.0035,0.0076,data,0,0,,
341,post,2010/10/19,H,B,GYDG,H-GYDG,YYG,H2-net,H2,net,145,36.5,11.9726106,2+,male,1,s21,1000000,f4,upper,1,#VALUE!,H2-net,stay,net,#VALUE!,142,-1.406666667,0.02151465,0.0085239,0.01040995,0.0024678,0.000113,0.01893385,0,0.0085239,0,0,0.0306,0,0.0373,0.014,0.001,data,3,0.0011,,ok
342,post,2010/10/19,H,B,YRRG,H-YRRG,1000000,H2-net,H2,net,104,11.7,10.4012574,1+,no,0,s22,1000000,1000000,upper,1,#VALUE!,H2-net,stay,net,#VALUE!,103,-1.217333333,0.0052639,0.00325985,0.00162715,0,0.0003769,0.004887,0,0.00325985,0,0,0.0119,0,0.0061,0,0.0023,data,0,0,,
343,post,2010/10/19,H,B,GDYY,H-GDYY,1000000,H2-net,H2,net,107,13.5,11.02002134,1+,no,0,s23,1000000,1000000,upper,1,#VALUE!,H2-net,stay,net,#VALUE!,108,-1.26,0.07660205,0.0745638,0.00044485,0.0001,0.0014934,0.07500865,0.0745638,0,0,0.2652,0,0,0.0019,0.0013,0.0078,data,0,0,,
344,post,2010/10/19,H,B,-,-,1000000,H2-net,H2,net,90,8,10.9739369,1+,no,0,1000000,1000000,1000000,upper,2,#N/A,#N/A,#N/A,#N/A,#N/A,#N/A,#N/A,0,0,0,0,0,0,0,0,0,,,,,,,,,,,
345,post,2010/10/19,H,B,-,-,1000000,H2-net,H2,net,82,5.7,10.33792313,1+,no,0,1000000,1000000,1000000,upper,2,#N/A,#N/A,#N/A,#N/A,#N/A,#N/A,#N/A,0,0,0,0,0,0,0,0,0,,,,,,,,,,,
346,post,2010/10/19,H,B,-,-,1000000,H2-net,H2,net,116,17.5,11.21150929,1+,no,0,1000000,1000000,1000000,upper,2,#N/A,#N/A,#N/A,#N/A,#N/A,#N/A,#N/A,0,0,0,0,0,0,0,0,0,,,,,,,,,,,
347,post,2010/10/19,H,B,YRYR,H-YRYR,1000000,H2-net,H2,net,93,7.7,9.572863791,1+,no,0,s24,1000000,1000000,upper,2,#VALUE!,H2-net,stay,net,#VALUE!,95,-1.164,0.0290156,0,0.0286793,0,0.0003363,0.0286793,0,0,0,0,0,0,0.1022,0,0.0021,data,0,0,,
348,post,2010/10/19,H,B,YGYG,H-YGYG,1000000,H2-net,H2,net,94,9.6,11.55813259,1+,no,0,s25,1000000,1000000,upper,2,#VALUE!,H2-all,move,all,#VALUE!,92,-1.098666667,0.02442566,0,0.02302115,0.00015471,0.0012498,0.02302115,0,0,0,0,0,0,0.0821,0.0023,0.0066,data,0,0,,
349,post,2010/10/19,H,C,RDYY,H-RDYY,GGY,H1-all,H1,all,159,50.1,12.4636818,2+,male,1,s26,1000000,f5,lower,1,#VALUE!,H1-all,stay,all,#VALUE!,155,-1.398666667,0.01694207,0.0124086,0.00258425,0.00179562,0.0001536,0.01499285,0.0124086,0,0,0.0444,0,0,0.0095,0.0106,0.0012,data,0,0,,ok
350,post,2010/10/19,H,C,GRRY,H-GRRY,1000000,H1-all,H1,all,130,23.4,10.65088757,1+,male,1,s27,1000000,f6,lower,1,#VALUE!,H1-all,stay,all,#VALUE!,127,-1.381333333,0.00663915,0.00474625,0.0003604,0.0001,0.0014325,0.00510665,0.00421695,0.0005293,0,0.0153,0.0022,0,0.0016,0.0008,0.0075,data,1,0.0001,,ok
351,post,2010/10/19,H,C,RDYD,H-RDYD,1000000,H1-all,H1,all,132,26,11.30450511,1+,female,1,s28,e15,f7,lower,1,#VALUE!,H1-all,stay,all,#VALUE!,129,-1.373333333,0.03258829,0,0.03186025,0.00072804,0,0.03186025,0,0,0,0,0,0,0.1135,0.0052,0,data,1,0,46,ok
352,post,2010/10/19,H,C,GRGD,H-GRGD,1000000,H1-all,H1,all,97,10.5,11.50466816,1+,no,0,s29,1000000,1000000,lower,1,#VALUE!,H1-all,stay,all,#VALUE!,91,-1.073333333,0.02660468,0.002162,0.0216981,0.00274458,0,0.0238601,0,0.002162,0,0,0.008,0,0.0774,0.0154,0,data,0,0.0001,,
353,post,2010/10/19,H,C,-,-,1000000,H1-all,H1,all,71,3.9,10.89656367,1+,no,0,1000000,1000000,1000000,lower,1,#N/A,#N/A,#N/A,#N/A,#N/A,#N/A,#N/A,0,0,0,0,0,0,0,0,0,,,,,,,,,,,
354,post,2010/10/19,H,C,-,-,1000000,H1-all,H1,all,78,5.9,12.4327787,1+,no,0,1000000,1000000,1000000,lower,1,#N/A,#N/A,#N/A,#N/A,#N/A,#N/A,#N/A,0,0,0,0,0,0,0,0,0,,,,,,,,,,,
355,post,2010/10/19,H,C,-,-,1000000,H1-all,H1,all,90,8.9,12.2085048,1+,no,0,1000000,1000000,1000000,lower,1,#N/A,#N/A,#N/A,#N/A,#N/A,#N/A,#N/A,0,0,0,0,0,0,0,0,0,,,,,,,,,,,
356,post,2010/10/19,H,C,-,-,1000000,H1-all,H1,all,117,19.1,11.92547763,1+,no,0,1000000,1000000,1000000,lower,1,#N/A,#N/A,#N/A,#N/A,#N/A,#N/A,#N/A,0,0,0,0,0,0,0,0,0,,,,,,,,,,,
357,post,2010/10/19,H,C,RDGD,H-RDGD,GRY,H1-all,H1,all,157,44.1,11.39566391,2+,female,1,s30,1000000,1000000,upper,1,#VALUE!,H1-all,stay,all,#VALUE!,159,-1.532,0.22792945,0.09088525,0.1369442,0,0.0001,0.22782945,0.0903841,0.00050115,0,0.3214,0.0021,0,0.4868,0,0.0004,data,0,0,,
358,post,2010/10/19,H,C,-,-,1000000,H1-all,H1,all,102,10.2,9.611687812,1+,male,1,1000000,1000000,1000000,upper,1,#N/A,#N/A,#N/A,#N/A,#N/A,#N/A,#N/A,0,0,0,0,0,0,0,0,0,,,,,,,,,,,
359,post,2010/10/19,H,C,GRYY,H-GRYY,1000000,H1-all,H1,all,132,26,11.30450511,1+,no,0,s31,1000000,1000000,upper,1,#VALUE!,H1-all,stay,all,#VALUE!,129,-1.373333333,0.02089216,0,0.01513915,0.00529491,0.0004581,0.01513915,0,0,0,0,0,0,0.0541,0.0283,0.0027,data,0,0,,
360,post,2010/10/19,H,C,GRYG,H-GRYG,1000000,H1-all,H1,all,113,15.7,10.88088755,1+,no,0,s32,1000000,1000000,upper,1,#VALUE!,H1-all,stay,all,#VALUE!,112,-1.284,0.00468045,0,0.00365395,0,0.0010265,0.00365395,0,0,0,0,0,0,0.0133,0,0.0055,data,0,0,,
361,post,2010/10/19,H,C,GRYD,H-GRYD,1000000,H1-all,H1,all,101,10.6,10.28825557,1+,no,0,s33,1000000,1000000,upper,1,#VALUE!,H1-all,stay,all,#VALUE!,98,-1.165333333,0.0212182,0.01739115,0.0031191,0.00039195,0.000316,0.02051025,0,0.01739115,0,0,0.0621,0,0.0114,0.0035,0.002,data,0,0,,
362,post,2010/10/19,H,C,GRYR,H-GRYR,1000000,H1-all,H1,all,97,10,10.95682682,1+,no,0,s34,1000000,1000000,upper,1,#VALUE!,H1-all,stay,all,#VALUE!,93,-1.106666667,0.01808229,0,0.01761635,0.00033264,0.0001333,0.01761635,0,0,0,0,0,0,0.0629,0.0032,0.0011,data,0,0,,
363,post,2010/10/19,H,C,-,-,1000000,H1-all,H1,all,95,9.7,11.31360257,1+,no,0,1000000,1000000,1000000,upper,2,#N/A,#N/A,#N/A,#N/A,#N/A,#N/A,#N/A,0,0,0,0,0,0,0,0,0,,,,,,,,,,,
364,post,2010/10/19,H,B,RGGG,H-RGGG,RYR,H1-house,H1,house,155,47.5,12.75553019,2+,male,1,s35,1000000,f8,lower,1,#VALUE!,H1-house,stay,house,#VALUE!,150,-1.366666667,0.0025872,0.0023872,0,0.0001,0.0001,0.0023872,0,0.0023872,0,0,0.0088,0,0,0.0002,0.0002,data,0,0,,ok
366,post,2010/10/19,H,B,-,-,1000000,H1-house,H1,house,114,16.9,11.40701862,1+,no,0,1000000,1000000,1000000,lower,1,#N/A,#N/A,#N/A,#N/A,#N/A,#N/A,#N/A,0,0,0,0,0,0,0,0,0,,,,,,,,,,,
367,post,2010/10/19,H,B,RRYG,H-RRYG,1000000,H1-house,H1,house,88,7.5,11.0055879,1+,no,0,s37,1000000,1000000,lower,1,#VALUE!,H1-house,stay,house,#VALUE!,87,-1.06,0.0012632,0,0.0001352,0,0.001128,0.0001352,0,0,0,0,0,0,0.0008,0,0.006,data,0,0,,
368,post,2010/10/19,H,B,RDDD,H-RDDD,1000000,H1-house,H1,house,132,25.3,11.00015305,1+,female,1,s38,e9,f9,lower,1,#VALUE!,H1-all,move,all,#VALUE!,132,-1.422666667,0.0036596,0,0.00010705,0.00256665,0.0009859,0.00010705,0,0,0,0,0,0,0.0007,0.0145,0.0053,data,0,0,60,ok
369,post,2010/10/19,H,B,-,-,1000000,H1-house,H1,house,80,4.8,9.375,1+,no,0,1000000,1000000,1000000,lower,1,#N/A,#N/A,#N/A,#N/A,#N/A,#N/A,#N/A,0,0,0,0,0,0,0,0,0,,,,,,,,,,,
370,post,2010/10/19,H,B,-,-,1000000,H1-house,H1,house,118,15.8,9.616367788,1+,female,1,1000000,e26,1000000,lower,1,#N/A,#N/A,#N/A,#N/A,#N/A,#N/A,#N/A,0,0,0,0,0,0,0,0,0,,,,,,,,,,,
371,post,2010/10/19,H,B,-,-,1000000,H1-house,H1,house,73,4,10.28232699,1+,no,0,1000000,1000000,1000000,middle,1,#N/A,#N/A,#N/A,#N/A,#N/A,#N/A,#N/A,0,0,0,0,0,0,0,0,0,,,,,,,,,,,
372,post,2010/10/19,H,B,RGGD,H-RGGD,1000000,H1-house,H1,house,87,6.6,10.02273338,1+,no,0,s39,1000000,1000000,middle,1,#VALUE!,H1-house,stay,house,#VALUE!,89,-1.098666667,0.0013295,0,0.0001,0,0.0012295,0.0001,0,0,0,0,0,0,0.0002,0,0.0065,data,0,0,,
373,post,2010/10/19,H,B,-,-,1000000,H1-house,H1,house,125,21,10.752,1+,no,0,1000000,1000000,1000000,middle,1,#N/A,#N/A,#N/A,#N/A,#N/A,#N/A,#N/A,0,0,0,0,0,0,0,0,0,,,,,,,,,,,
374,post,2010/10/19,H,B,-,-,1000000,H1-house,H1,house,124,19.8,10.38484777,1+,female,1,1000000,1000000,1000000,middle,1,#N/A,#N/A,#N/A,#N/A,#N/A,#N/A,#N/A,0,0,0,0,0,0,0,0,0,,,,,,,,,,,
375,post,2010/10/19,H,B,-,-,1000000,H1-house,H1,house,87,7,10.63017177,1+,no,0,1000000,1000000,1000000,middle,1,#N/A,#N/A,#N/A,#N/A,#N/A,#N/A,#N/A,0,0,0,0,0,0,0,0,0,,,,,,,,,,,
376,post,2010/10/19,H,B,-,-,1000000,H1-house,H1,house,93,8.7,10.81609285,1+,no,0,1000000,1000000,1000000,middle,1,#N/A,#N/A,#N/A,#N/A,#N/A,#N/A,#N/A,0,0,0,0,0,0,0,0,0,,,,,,,,,,,
377,post,2010/10/19,H,B,GRRD,H-GRRD,1000000,H1-house,H1,house,136,26.2,10.41560655,1+,male,1,s40,1000000,f10,middle,1,#VALUE!,H1-all,move,all,#VALUE!,133,-1.424,0.0015631,0,0.0001915,0,0.0013716,0.0001915,0,0,0,0,0,0,0.001,0,0.0072,data,0,0,,ok
378,post,2010/10/19,H,B,RRGR,H-RRGR,1000000,H1-house,H1,house,95,9.5,11.08033241,1+,no,0,s41,1000000,1000000,middle,1,#VALUE!,H1-house,stay,house,#VALUE!,93,-1.113333333,0.0026298,0,0.0003041,0,0.0023257,0.0003041,0,0,0,0,0,0,0.0014,0,0.0119,data,0,0,,
379,post,2010/10/19,H,B,-,-,1000000,H1-house,H1,house,108,13.1,10.39920236,1+,no,0,1000000,1000000,1000000,middle,1,#N/A,#N/A,#N/A,#N/A,#N/A,#N/A,#N/A,0,0,0,0,0,0,0,0,0,,,,,,,,,,,
380,post,2010/10/19,H,B,RRGD,H-RRGD,1000000,H1-house,H1,house,112,15.3,10.89023779,1+,no,0,s42,1000000,1000000,middle,1,#VALUE!,H1-house,stay,house,#VALUE!,114,-1.316,0.0024391,0,0.0000789,0.0000954,0.0022648,0.0000789,0,0,0,0,0,0,0.0006,0.002,0.0116,data,0,0,,
381,post,2010/10/19,H,B,RRYD,H-RRYD,RRD,H1-house,H1,house,143,29.5,10.08820511,2+,male,1,s43,1000000,f11,middle,1,#VALUE!,H1-house,stay,house,#VALUE!,144,-1.526666667,0.01070875,0,0.00416065,0,0.0065481,0.00416065,0,0,0,0,0,0,0.0151,0,0.0327,data,0,0,,ok
382,post,2010/10/19,H,B,RGRD,H-RGRD,RGY,H1-house,H1,house,153,40.1,11.19618537,2+,male,1,s44,1000000,f12,upper,1,#VALUE!,H1-house,stay,house,#VALUE!,155,-1.532,0.00167085,0.00157085,0,0.0001,0,0.00157085,0,0.00157085,0,0,0.0059,0,0,0.0003,0,data,0,0,,ok
383,post,2010/10/19,H,B,RRRR,H-RRRR,RRR,H1-house,H1,house,151,41,11.90838905,2+,female,1,s45,e10,f13,upper,1,#VALUE!,H1-house,stay,house,#VALUE!,153,-1.493333333,0.0278726,0.0008108,0.0232745,0,0.0037873,0.0240853,0.0008108,0,0,0.0032,0,0,0.083,0,0.0191,data,2,0.0002,119,ok
384,post,2010/10/19,H,B,RRGD,H-RRGD,1000000,H1-house,H1,house,118,17.5,10.65104027,1+,no,0,1000000,1000000,1000000,upper,1,#VALUE!,H1-house,stay,house,#VALUE!,114,-1.286666667,0,0,0,0,0,0,0,0,0,,,,,,,,,,,
385,post,2010/10/19,H,B,RRDG,H-RRDG,RGR,H1-house,H1,house,151,37.8,10.97895381,2+,female,1,1000000,1000000,1000000,upper,1,#VALUE!,H1-house,stay,house,#VALUE!,155,-1.562666667,0,0,0,0,0,0,0,0,0,,,,,,,,,,,
386,post,2010/10/19,H,B,RRDR,H-RRDR,1000000,H1-house,H1,house,115,12.8,8.416207775,1+,no,0,1000000,1000000,1000000,upper,1,#VALUE!,H1-house,stay,house,#VALUE!,118,-1.402666667,0,0,0,0,0,0,0,0,0,,,,,,,,,,,
387,post,2010/10/19,H,B,-,-,1000000,H1-house,H1,house,130,24.8,11.28812016,1+,no,0,1000000,1000000,1000000,upper,1,#N/A,#N/A,#N/A,#N/A,#N/A,#N/A,#N/A,0,0,0,0,0,0,0,0,0,,,,,,,,,,,
388,post,2010/10/19,H,B,RDYD,H-RDYD,1000000,H1-house,H1,house,130,25.1,11.42467,1+,male,1,1000000,1000000,1000000,lower,2,#VALUE!,H1-all,move,all,#VALUE!,129,-1.385333333,0,0,0,0,0,0,0,0,0,,,,,,,,,,,
389,post,2010/10/19,H,B,-,-,1000000,H1-house,H1,house,89,6.5,9.220263586,1+,no,0,1000000,1000000,1000000,upper,2,#N/A,#N/A,#N/A,#N/A,#N/A,#N/A,#N/A,0,0,0,0,0,0,0,0,0,,,,,,,,,,,
390,post,2010/10/19,H,B,-,-,1000000,H1-house,H1,house,79,5.5,11.15530414,1+,no,0,1000000,1000000,1000000,upper,2,#N/A,#N/A,#N/A,#N/A,#N/A,#N/A,#N/A,0,0,0,0,0,0,0,0,0,,,,,,,,,,,
391,post,2010/10/19,H,A,-,-,1000000,H1-net,H1,net,143,34.7,11.86646499,1+,male,1,1000000,1000000,1000000,lower,1,#N/A,#N/A,#N/A,#N/A,#N/A,#N/A,#N/A,0,0,0,0,0,0,0,0,0,,,,,,,,,,,
392,post,2010/10/19,H,A,RYRG,H-RYRG,RYD,H1-net,H1,net,164,49.2,11.15407496,2+,female,1,s46,e16,f14,lower,1,#VALUE!,H1-net,stay,net,#VALUE!,164,-1.530666667,0.00103245,0.00033225,0,0.0001,0.0006002,0.00033225,0,0.00033225,0,0,0.0015,0,0,0.0007,0.0034,data,,,128,ok
393,post,2010/10/19,H,A,-,-,1000000,H1-net,H1,net,135,23.6,9.592033735,1+,no,0,1000000,1000000,1000000,lower,1,#N/A,#N/A,#N/A,#N/A,#N/A,#N/A,#N/A,0,0,0,0,0,0,0,0,0,,,,,,,,,,,
394,post,2010/10/19,H,A,RYDR,H-RYDR,GRG,H1-net,H1,net,162,45.9,10.79611848,2+,female,1,s47,e12,f15,lower,1,#VALUE!,H1-net,stay,net,#VALUE!,160,-1.521333333,0.0040073,0,0.0039073,0.0001,0,0.0039073,0,0,0,0,0,0,0.0142,0.0013,0,data,0,0,83,ok
395,post,2010/10/19,H,A,-,-,1000000,H1-net,H1,net,77,5,10.9521108,1+,no,0,1000000,1000000,1000000,lower,1,#N/A,#N/A,#N/A,#N/A,#N/A,#N/A,#N/A,0,0,0,0,0,0,0,0,0,,,,,,,,,,,
396,post,2010/10/19,H,A,-,-,1000000,H1-net,H1,net,88,7.7,11.29907025,1+,no,0,1000000,1000000,1000000,lower,1,#N/A,#N/A,#N/A,#N/A,#N/A,#N/A,#N/A,0,0,0,0,0,0,0,0,0,,,,,,,,,,,
397,post,2010/10/19,H,A,-,-,1000000,H1-net,H1,net,165,52,11.57581323,2+,male,1,1000000,1000000,f16,lower,1,#N/A,#N/A,#N/A,#N/A,#N/A,#N/A,#N/A,0,0,0,0,0,0,0,0,0,,,,,,,,,,,ok
398,post,2010/10/19,H,A,RRDD,H-RRDD,1000000,H1-net,H1,net,115,16,10.52025972,1+,no,0,s48,1000000,1000000,lower,1,#VALUE!,H1-house,move,house,#VALUE!,112,-1.28,0.01057475,0,0.00950915,0.0001,0.0009656,0.00950915,0,0,0,0,0,0,0.0341,0.0009,0.0052,data,5,0.0013,,
399,post,2010/10/19,H,A,-,-,1000000,H1-net,H1,net,71,4.5,12.57295808,1+,no,0,1000000,1000000,1000000,lower,1,#N/A,#N/A,#N/A,#N/A,#N/A,#N/A,#N/A,0,0,0,0,0,0,0,0,0,,,,,,,,,,,
400,post,2010/10/19,H,A,-,-,1000000,H1-net,H1,net,67,3.6,11.96955743,1+,no,0,1000000,1000000,1000000,lower,1,#N/A,#N/A,#N/A,#N/A,#N/A,#N/A,#N/A,0,0,0,0,0,0,0,0,0,,,,,,,,,,,
401,post,2010/10/19,H,A,-,-,1000000,H1-net,H1,net,88,8.6,12.6197408,1+,no,0,1000000,1000000,1000000,lower,1,#N/A,#N/A,#N/A,#N/A,#N/A,#N/A,#N/A,0,0,0,0,0,0,0,0,0,,,,,,,,,,,
402,post,2010/10/19,H,A,RDRR,H-RDRR,1000000,H1-net,H1,net,114,15.8,10.66454996,1+,no,0,s49,1000000,1000000,lower,1,#VALUE!,H1-net,stay,net,#VALUE!,114,-1.309333333,0.0055046,0,0.0023872,0,0.0031174,0.0023872,0,0,0,0,0,0,0.0088,0,0.0158,data,0,0,,
403,post,2010/10/19,H,A,-,-,1000000,H1-net,H1,net,94,9,10.8357493,1+,no,0,1000000,1000000,1000000,lower,1,#N/A,#N/A,#N/A,#N/A,#N/A,#N/A,#N/A,0,0,0,0,0,0,0,0,0,,,,,,,,,,,
404,post,2010/10/19,H,A,RYDD,H-RYDD,1000000,H1-net,H1,net,125,22,11.264,1+,no,0,s50,1000000,1000000,upper,1,#VALUE!,H1-net,stay,net,#VALUE!,126,-1.386666667,0.00399105,0.00202125,0.0016553,0.0001,0.0002145,0.00367655,0,0.00202125,0,0,0.0075,0,0.0062,0.0014,0.0015,data,1,0.0001,,
405,post,2010/10/19,H,A,RYGR,H-RYGR,1000000,H1-net,H1,net,140,29.5,10.75072886,2+,no,0,s51,1000000,1000000,upper,1,#VALUE!,H1-net,stay,net,#VALUE!,143,-1.513333333,0.0028254,0,0.0026124,0.0001,0.000113,0.0026124,0,0,0,0,0,0,0.0096,0.0011,0.001,data,5,0.0007,,
406,post,2010/10/19,H,A,RYYR,H-RYYR,1000000,H1-net,H1,net,135,26.8,10.89264848,1+,male,1,s53,1000000,f16,upper,1,#VALUE!,H1-net,stay,net,#VALUE!,132,-1.402666667,0.01120041,0,0.00579335,0.00381216,0.0015949,0.00579335,0,0,0,0,0,0,0.0209,0.0208,0.0083,data,15,0.002,,
407,post,2010/10/19,H,A,RDGG,H-RDGG,1000000,H1-net,H1,net,114,15.7,10.5970528,1+,male,1,s54,1000000,f17,upper,1,#VALUE!,H1-net,stay,net,#VALUE!,111,-1.270666667,0.0146126,0,0.0113952,0.0001,0.0031174,0.0113952,0,0,0,0,0,0,0.0408,0.0007,0.0158,data,0,0,,ok
408,post,2010/10/19,H,A,RYDY,H-RYDY,1000000,H1-net,H1,net,98,10.1,10.73107294,1+,no,0,s55,1000000,1000000,upper,1,#VALUE!,H1-net,stay,net,#VALUE!,94,-1.118666667,0.00819055,0,0.00765125,0,0.0005393,0.00765125,0,0,0,0,0,0,0.0275,0,0.0031,data,0,0,,
409,post,2010/10/19,H,A,-,-,1000000,H1-net,H1,net,87,7.3,11.08575056,1+,no,0,1000000,1000000,1000000,upper,1,#N/A,#N/A,#N/A,#N/A,#N/A,#N/A,#N/A,0,0,0,0,0,0,0,0,0,,,,,,,,,,,
410,post,2010/10/19,H,A,RGDD,H-RGDD,1000000,H1-net,H1,net,130,24.9,11.33363678,1+,no,0,s56,1000000,1000000,lower,2,#VALUE!,H1-net,stay,net,#VALUE!,132,-1.428,0.0134095,0,0,0,0.0134095,0,0,0,0,0,0,0,0,0,0.0665,data,1,0.0001,,
411,post,2010/10/19,H,A,-,-,1000000,H1-net,H1,net,95,9.1,10.6137921,1+,no,0,1000000,1000000,1000000,lower,2,#N/A,#N/A,#N/A,#N/A,#N/A,#N/A,#N/A,0,0,0,0,0,0,0,0,0,,,,,,,,,,,
412,post,2010/10/19,H,A,-,-,1000000,H1-net,H1,net,133,24.5,10.41384625,1+,male,1,1000000,1000000,1000000,lower,2,#N/A,#N/A,#N/A,#N/A,#N/A,#N/A,#N/A,0,0,0,0,0,0,0,0,0,,,,,,,,,,,
413,post,2010/10/20,N,C,-,-,1000000,N2-house,N2,house,78,4.2,8.850452637,1+,no,0,1000000,1000000,1000000,lower,1,#N/A,#N/A,#N/A,#N/A,#N/A,#N/A,#N/A,0,0,0,0,0,0,0,0,0,,,,,,,,,,,
414,post,2010/10/20,N,C,-,-,1000000,N2-house,N2,house,80,4.5,8.7890625,1+,no,0,1000000,1000000,1000000,lower,1,#N/A,#N/A,#N/A,#N/A,#N/A,#N/A,#N/A,0,0,0,0,0,0,0,0,0,,,,,,,,,,,
415,post,2010/10/20,N,C,-,-,1000000,N2-house,N2,house,119,16.3,9.672677771,1+,no,0,1000000,1000000,1000000,lower,1,#N/A,#N/A,#N/A,#N/A,#N/A,#N/A,#N/A,0,0,0,0,0,0,0,0,0,,,,,,,,,,,
416,post,2010/10/20,N,C,-,-,1000000,N2-house,N2,house,119,17.5,10.38477675,1+,no,0,1000000,1000000,1000000,lower,1,#N/A,#N/A,#N/A,#N/A,#N/A,#N/A,#N/A,0,0,0,0,0,0,0,0,0,,,,,,,,,,,
417,post,2010/10/20,N,C,-,-,1000000,N2-house,N2,house,100,8.4,8.4,1+,no,0,1000000,1000000,1000000,lower,1,#N/A,#N/A,#N/A,#N/A,#N/A,#N/A,#N/A,0,0,0,0,0,0,0,0,0,,,,,,,,,,,
418,post,2010/10/20,N,C,-,-,1000000,N2-house,N2,house,85,5.5,8.955831468,1+,no,0,1000000,1000000,1000000,lower,1,#N/A,#N/A,#N/A,#N/A,#N/A,#N/A,#N/A,0,0,0,0,0,0,0,0,0,,,,,,,,,,,
419,post,2010/10/20,N,C,-,-,1000000,N2-house,N2,house,99,9.5,9.790796445,1+,no,0,1000000,1000000,1000000,lower,1,#N/A,#N/A,#N/A,#N/A,#N/A,#N/A,#N/A,0,0,0,0,0,0,0,0,0,,,,,,,,,,,
420,post,2010/10/20,N,C,RGGD,N-RGGD,GGD,N2-house,N2,house,185,65.7,10.37648313,2+,female,1,s57,1000000,1000000,lower,1,#VALUE!,N2-all,move,all,#VALUE!,204,-1.844,0.0001,0,0,0,0.0001,0,0,0,0,0,0,0,0,0,0.0002,data,0,0,,
421,post,2010/10/20,N,C,RYDR,N-RYDR,1000000,N2-house,N2,house,103,8.6,7.87021827,1+,no,0,s58,1000000,1000000,lower,1,#VALUE!,N2-all,move,all,#VALUE!,106,-1.298666667,0.00137295,0,0.00038855,0.0001,0.0008844,0.00038855,0,0,0,0,0,0,0.0017,0.0003,0.0048,data,12,0.0016,,
422,post,2010/10/20,N,C,RRYG,N-RRYG,1000000,N2-house,N2,house,125,18.1,9.2672,1+,no,0,s59,1000000,1000000,lower,1,#VALUE!,N2-house,stay,house,#VALUE!,130,-1.492,0.00723017,0,0.0001,0.00011517,0.007015,0.0001,0,0,0,0,0,0,0.0002,0.0021,0.035,data,0,0,,
423,post,2010/10/20,N,C,-,-,1000000,N2-house,N2,house,132,22.2,9.652308206,1+,no,0,s60,1000000,1000000,lower,1,#N/A,#N/A,#N/A,#N/A,#N/A,#N/A,#N/A,0.0080437,0,0.0013738,0,0.0066699,0.0013738,0,0,0,0,0,0,0.0052,0,0.0333,data,0,0,,
424,post,2010/10/20,N,C,RGRY,N-RGRY,1000000,N2-house,N2,house,97,8.6,9.422871061,1+,no,0,s61,1000000,1000000,lower,1,#VALUE!,N2-house,stay,house,#VALUE!,100,-1.218666667,0.0064309,0,0.000473,0.0001,0.0058579,0.000473,0,0,0,0,0,0,0.002,0.0005,0.0293,data,3,0.0002,,
425,post,2010/10/20,N,C,RRRG,N-RRRG,RRG,N2-house,N2,house,169,51.5,10.66957487,2+,male,1,s62,1000000,f18,upper,1,#VALUE!,N2-house,stay,house,#VALUE!,168,-1.553333333,0.01118211,0.00016335,0,0.00045126,0.0105675,0.00016335,0.00016335,0,0,0.0009,0,0,0,0.0038,0.0525,data,0,0,,ok
426,post,2010/10/20,N,C,RRGD,N-RRGD,RGD,N2-house,N2,house,145,29.6,9.709295174,2+,male,1,s63,1000000,f19,upper,1,#VALUE!,N2-house,stay,house,#VALUE!,148,-1.578666667,0.00248285,0,0.00123305,0,0.0012498,0.00123305,0,0,0,0,0,0,0.0047,0,0.0066,data,0,0,,ok
427,post,2010/10/20,N,C,-,-,1000000,N2-house,N2,house,73,3.7,9.511152469,1+,no,0,1000000,1000000,1000000,upper,1,#N/A,#N/A,#N/A,#N/A,#N/A,#N/A,#N/A,0,0,0,0,0,0,0,0,0,,,,,,,,,,,
428,post,2010/10/20,N,C,RRYD,N-RRYD,1000000,N2-house,N2,house,130,22.2,10.10468821,1+,male,1,s64,1000000,1000000,upper,1,#VALUE!,N2-house,stay,house,#VALUE!,130,-1.437333333,0.00129285,0.000473,0.00021965,0,0.0006002,0.00069265,0.000473,0,0,0.002,0,0,0.0011,0,0.0034,data,15,0.0026,,
429,post,2010/10/20,N,C,RGRG,N-RGRG,1000000,N2-house,N2,house,99,10,10.30610152,1+,no,0,s65,1000000,1000000,upper,1,#VALUE!,N2-house,stay,house,#VALUE!,100,-1.2,0.00922861,0,0.00556815,0.00005586,0.0036046,0.00556815,0,0,0,0,0,0,0.0201,0.0018,0.0182,data,2,0.0001,,
430,post,2010/10/20,N,C,RYYR,N-RYYR,1000000,N2-house,N2,house,122,16.6,9.14173433,1+,no,0,s66,1000000,1000000,lower,2,#VALUE!,N2-all,move,all,#VALUE!,124,-1.432,0.00054525,0,0.00033225,0.0001,0.000113,0.00033225,0,0,0,0,0,0,0.0015,0.0005,0.001,data,6,0.0005,,
431,post,2010/10/20,N,B,-,-,1000000,N2-all,N2,all,147,33.6,10.57760325,1+,female,1,1000000,e13,f20,lower,1,#N/A,#N/A,#N/A,#N/A,#N/A,#N/A,#N/A,0,0,0,0,0,0,0,0,0,,,,,,,,,,29,ok
432,post,2010/10/20,N,B,RRGY,N-RRGY,RGY,N2-all,N2,all,164,49.9,11.31277114,2+,male,1,s67,1000000,f21,lower,1,#VALUE!,N2-house,move,house,#VALUE!,159,-1.454666667,0.1522241,0.0997862,0.0524379,0,0,0.1522241,0.0997862,0,0,0.3548,0,0,0.1866,0,0,data,7,0.0007,,ok
433,post,2010/10/20,N,B,-,-,1000000,N2-all,N2,all,85,6.9,11.23549766,1+,no,0,1000000,1000000,1000000,lower,1,#N/A,#N/A,#N/A,#N/A,#N/A,#N/A,#N/A,0,0,0,0,0,0,0,0,0,,,,,,,,,,,
434,post,2010/10/20,N,B,-,-,1000000,N2-all,N2,all,100,10.6,10.6,1+,no,0,1000000,1000000,1000000,lower,1,#N/A,#N/A,#N/A,#N/A,#N/A,#N/A,#N/A,0,0,0,0,0,0,0,0,0,,,,,,,,,,,
435,post,2010/10/20,N,C,RYRR,N-RYRR,1000000,N2-house,N2,all,109,13.8,10.65613202,1+,no,0,1000000,1000000,1000000,lower,1,#VALUE!,N2-all,move,all,#VALUE!,112,-1.309333333,0,0,0,0,0,0,0,0,0,,,,,,,,,,,
436,post,2010/10/20,N,C,RRDY,N-RRDY,1000000,N2-house,N2,all,126,18.8,9.398233132,1+,no,0,1000000,1000000,1000000,lower,1,#VALUE!,N2-house,stay,house,#VALUE!,129,-1.469333333,0,0,0,0,0,0,0,0,0,,,,,,,,,,,
437,post,2010/10/20,N,B,RYRG,N-RYRG,1000000,N2-all,N2,all,101,10.3,9.997078524,1+,no,0,s68,1000000,1000000,lower,1,#VALUE!,N2-all,stay,all,#VALUE!,91,-1.076,0.00011632,0,0,0.00001632,0.0001,0,0,0,0,0,0,0,0,0.0016,0.0002,data,2,0.0002,,
438,post,2010/10/20,N,B,RGGG,N-RGGG,1000000,N2-all,N2,all,116,15.7,10.05832547,1+,no,0,s69,1000000,1000000,lower,1,#VALUE!,N2-house,move,house,#VALUE!,115,-1.324,0.00296926,0,0.00207755,0.00035241,0.0005393,0.00207755,0,0,0,0,0,0,0.0077,0.0033,0.0031,data,1,0.0001,,
439,post,2010/10/20,N,B,-,-,1000000,N2-all,N2,all,116,16.9,10.82711468,1+,female,1,s70,e7,1000000,lower,1,#N/A,#N/A,#N/A,#N/A,#N/A,#N/A,#N/A,0.02450496,0.00399175,0.0197839,0.00035241,0.0003769,0.02377565,0.00399175,0,0,0.0145,0,0,0.0706,0.0033,0.0023,data,,,,
440,post,2010/10/20,N,B,RYGG,N-RYGG,1000000,N2-all,N2,all,118,18.6,11.32053423,1+,no,0,s71,1000000,1000000,upper,1,#VALUE!,N2-all,stay,all,#VALUE!,118,-1.325333333,0.01413101,0,0.0051459,0.00588801,0.0030971,0.0051459,0,0,0,0,0,0,0.0186,0.0313,0.0157,data,1,0.0001,,
441,post,2010/10/20,N,B,RGDR,N-RGDR,GDR,N2-all,N2,all,165,54.2,12.06555917,2+,female,1,s72,e14,f22,upper,1,#VALUE!,N2-all,stay,all,#VALUE!,167,-1.504,0.0251566,0.023556,0.0012049,0.0001,0.0002957,0.0247609,0,0.023556,0,0,0.084,0,0.0046,0.0006,0.0019,data,0,0,130,ok
442,post,2010/10/20,N,B,-,-,1000000,N2-all,N2,all,142,31.4,10.96641344,1+,no,0,1000000,1000000,1000000,upper,1,#N/A,#N/A,#N/A,#N/A,#N/A,#N/A,#N/A,0,0,0,0,0,0,0,0,0,,,,,,,,,,,
443,post,2010/10/20,N,B,RGGR,N-RGGR,1000000,N2-all,N2,all,129,24.6,11.45950811,1+,male,1,s73,1000000,f23,upper,1,#VALUE!,N2-house,move,house,#VALUE!,115,-1.205333333,0.03537667,0.0176445,0.0166311,0.00011517,0.0009859,0.0342756,0.0176445,0,0,0.063,0,0,0.0594,0.0021,0.0053,data,3,0.0002,,ok
444,post,2010/10/20,N,B,RYYY,N-RYYY,1000000,N2-all,N2,all,129,23,10.71417425,1+,no,0,s74,1000000,1000000,upper,1,#VALUE!,N2-all,stay,all,#VALUE!,128,-1.4,0.11777745,0.0621778,0.054521,0.00019425,0.0008844,0.1166988,0.0621778,0,0,0.2212,0,0,0.194,0.0025,0.0048,data,0,0,,
445,post,2010/10/20,N,B,-,-,1000000,N2-all,N2,all,96,9.7,10.96372251,1+,no,0,1000000,1000000,1000000,upper,1,#N/A,#N/A,#N/A,#N/A,#N/A,#N/A,#N/A,0,0,0,0,0,0,0,0,0,,,,,,,,,,,
446,post,2010/10/20,N,B,RGGR,N-RGGR,1000000,N2-all,N2,all,115,15.9,10.4545081,1+,no,0,s75,1000000,1000000,upper,1,#VALUE!,N2-house,move,house,#VALUE!,115,-1.321333333,0.04077614,0.03165765,0.00511775,0.00250734,0.0014934,0.0367754,0.02583615,0.0058215,0,0.0921,0.021,0,0.0185,0.0142,0.0078,data,,,,
447,post,2010/10/20,N,B,RYDY,N-RYDY,1000000,N2-all,N2,all,127,21.8,10.64254097,1+,no,0,s76,1000000,1000000,upper,1,#VALUE!,N2-all,stay,all,#VALUE!,125,-1.376,0.00274355,0,0.00168345,0.0008862,0.0001739,0.00168345,0,0,0,0,0,0,0.0063,0.006,0.0013,data,0,0,,
448,post,2010/10/20,N,B,RYGD,N-RYGD,1000000,N2-all,N2,all,85,7.2,11.72399756,1+,no,0,s77,1000000,1000000,lower,1,#VALUE!,N2-all,stay,all,#VALUE!,86,-1.050666667,0.0026911,0,0,0,0.0026911,0,0,0,0,0,0,0,0,0,0.0137,data,18,0.0032,,
449,post,2010/10/20,N,B,RGDG,N-RGDG,GDG,N2-all,N2,all,158,45,11.40883378,2+,male,1,s78,1000000,f25,lower,1,#VALUE!,N2-all,stay,all,#VALUE!,156,-1.48,0.0364978,0.03492305,0.00067005,0,0.0009047,0.0355931,0.0250761,0.00984695,0,0.0894,0.0353,0,0.0027,0,0.0049,data,0,0,,ok
450,post,2010/10/20,N,A,GRRD,N-GRRD,1000000,N2-net,N2,net,116,17.4,11.14744352,1+,no,0,s79,1000000,1000000,lower,1,#VALUE!,N2-net,stay,net,#VALUE!,106,-1.181333333,0.01481375,0,0.00708825,0,0.0077255,0.00708825,0,0,0,0,0,0,0.0255,0,0.0385,data,0,0,,
451,post,2010/10/20,N,A,GRGY,N-GRGY,1000000,N2-net,N2,net,97,8.3,9.094166257,1+,no,0,s80,1000000,1000000,lower,1,#VALUE!,N2-net,stay,net,#VALUE!,98,-1.196,0.03854633,0,0.035942,0.00007563,0.0025287,0.035942,0,0,0,0,0,0,0.128,0.0019,0.0129,data,1,0.0001,,
452,post,2010/10/20,N,A,-,-,1000000,N2-net,N2,net,77,4.4,9.637857504,1+,no,0,1000000,1000000,1000000,lower,1,#N/A,#N/A,#N/A,#N/A,#N/A,#N/A,#N/A,0,0,0,0,0,0,0,0,0,,,,,,,,,,,
453,post,2010/10/20,N,A,RDRD,N-RDRD,RYR,N2-net,N2,net,150,35.1,10.4,2+,male,1,s81,1000000,f24,lower,1,#VALUE!,N2-net,stay,net,#VALUE!,150,-1.532,0.0119203,0.0112263,0.0006419,0,0.0000521,0.0118682,0.0112263,0,0,0.0402,0,0,0.0026,0,0.0007,data,24,0.0085,,ok
454,post,2010/10/20,N,A,GRRG,N-GRRG,1000000,N2-net,N2,net,96,12,13.56336806,1+,no,0,s82,1000000,1000000,lower,1,#VALUE!,N2-net,stay,net,#VALUE!,88,-1.013333333,0.02299676,0.0006419,0.0193335,0.00302136,0,0.0199754,0,0.0006419,0,0,0.0026,0,0.069,0.0168,0,data,0,0,,
455,post,2010/10/20,N,A,GRRG,N-GRRG,1000000,N2-net,N2,net,98,9.6,10.1998317,1+,no,0,s83,1000000,1000000,lower,1,#VALUE!,N2-net,stay,net,#VALUE!,88,-1.045333333,0.0447811,0,0.0447811,0,0,0.0447811,0,0,0,0,0,0,0.1594,0,0,data,0,0,,
456,post,2010/10/20,N,A,RDDD,N-RDDD,1000000,N2-net,N2,net,119,22.7,13.47053898,1+,male,1,s84,1000000,1000000,upper,1,#VALUE!,N2-net,stay,net,#VALUE!,112,-1.190666667,0.0131962,0,0.0113389,0.0001,0.0017573,0.0113389,0,0,0,0,0,0,0.0406,0.0012,0.0091,data,20,0.0025,,
457,post,2010/10/20,N,A,RDDR,N-RDDR,1000000,N2-net,N2,net,114,15.4,10.39456135,1+,no,0,s85,1000000,1000000,upper,1,#VALUE!,N2-net,stay,net,#VALUE!,112,-1.288,0.01470163,0,0.00860835,0.00017448,0.0059188,0.00860835,0,0,0,0,0,0,0.0309,0.0024,0.0296,data,0,0,,
458,post,2010/10/20,N,A,RDDY,N-RDDY,1000000,N2-net,N2,net,107,14.2,11.59142985,1+,no,0,s86,1000000,1000000,upper,2,#VALUE!,N2-net,stay,net,#VALUE!,99,-1.130666667,0.05894235,0,0.04936955,0,0.0095728,0.04936955,0,0,0,0,0,0,0.1757,0,0.0476,data,0,0,,
459,post,2010/10/20,N,A,GRRR,N-GRRR,1000000,N2-net,N2,net,89,8,11.34801672,1+,no,0,s87,1000000,1000000,upper,2,#VALUE!,N2-net,stay,net,#VALUE!,89,-1.08,0.0037466,0,0.0015427,0,0.0022039,0.0015427,0,0,0,0,0,0,0.0058,0,0.0113,data,0,0,,
460,post,2010/10/20,N,C,GGYG,N-GGYG,1000000,N1-house,N1,house,119,14,8.307821398,1+,no,0,s88,1000000,1000000,lower,1,#VALUE!,N1-house,stay,house,#VALUE!,120,-1.413333333,0.00508787,0,0.0006982,0.00011517,0.0042745,0.0006982,0,0,0,0,0,0,0.0028,0.0021,0.0215,data,15,0.0011,,
461,post,2010/10/20,N,C,GRDR,N-GRDR,GRD,N1-house,N1,house,172,55,10.80879671,2+,male,1,s89,1000000,f26,lower,1,#VALUE!,N1-house,stay,house,#VALUE!,173,-1.573333333,0.00280945,0.00280945,0,0,0,0.00280945,0.00280945,0,0,0.0103,0,0,0,0,0,data,21,0.0023,,ok
462,post,2010/10/20,N,C,GGYY,N-GGYY,1000000,N1-house,N1,house,85,6.6,10.74699776,1+,no,0,s90,1000000,1000000,lower,1,#VALUE!,N1-house,stay,house,#VALUE!,85,-1.045333333,0.00192485,0,0.00083895,0.0001,0.0009859,0.00083895,0,0,0,0,0,0,0.0033,0.0002,0.0053,data,0,0,,
463,post,2010/10/20,N,C,GRYY,N-GRYY,GRG,N1-house,N1,house,164,42.5,9.635125724,2+,male,1,s91,1000000,1000000,lower,1,#VALUE!,N1-house,stay,house,#VALUE!,166,-1.646666667,0.0001,0,0,0,0.0001,0,0,0,0,0,0,0,0,0,0.0002,data,1,xxx,,
464,post,2010/10/20,N,C,GGRG,N-GGRG,1000000,N1-house,N1,house,121,18.7,10.55566249,1+,no,0,s92,1000000,1000000,lower,1,#VALUE!,N1-house,stay,house,#VALUE!,125,-1.417333333,0.00599703,0,0.00551185,0.00037218,0.000113,0.00551185,0,0,0,0,0,0,0.0199,0.0034,0.001,data,0,0,,
465,post,2010/10/20,N,C,GGRD,N-GGRD,1000000,N1-house,N1,house,100,7.7,7.7,1+,no,0,s93,1000000,1000000,lower,1,#VALUE!,N1-house,stay,house,#VALUE!,102,-1.257333333,0.00268095,0,0.00005075,0,0.0026302,0.00005075,0,0,0,0,0,0,0.0005,0,0.0134,data,0,0,,
466,post,2010/10/20,N,C,GYRR,N-GYRR,1000000,N1-house,N1,house,105,10.4,8.983911025,1+,no,0,s94,1000000,1000000,lower,1,#VALUE!,N1-house,stay,house,#VALUE!,106,-1.274666667,0.007087,0,0.0006419,0.0001,0.0063451,0.0006419,0,0,0,0,0,0,0.0026,0.0002,0.0317,data,0,0,,
467,post,2010/10/20,N,C,GGGG,N-GGGG,1000000,N1-house,N1,house,98,9.7,10.30607995,1+,no,0,s95,1000000,1000000,lower,1,#VALUE!,N1-house,stay,house,#VALUE!,99,-1.190666667,0.0026532,0,0.0002478,0.0001,0.0023054,0.0002478,0,0,0,0,0,0,0.0012,0.0012,0.0118,data,0,0,,
468,post,2010/10/20,N,C,GYGY,N-GYGY,YGR,N1-house,N1,house,142,26.7,9.324943911,2+,male,1,s96,1000000,f27,upper,1,#VALUE!,N1-net,move,net,#VALUE!,142,-1.537333333,0.00637895,0.00117675,0.0052022,0,0,0.00637895,0.00117675,0,0,0.0045,0,0,0.0188,0,0,data,0,0,,ok
469,post,2010/10/20,N,C,GRDD,N-GRDD,GGY,N1-house,N1,house,140,26.5,9.657434402,2+,male,1,s97,1000000,1000000,upper,1,#VALUE!,N1-house,stay,house,#VALUE!,143,-1.553333333,0.01019596,0,0.0098188,-0.00014184,0.000519,0.0098188,0,0,0,0,0,0,0.0352,0.0008,0.003,data,2,xxx,,
470,post,2010/10/20,N,C,GGDD,N-GGDD,1000000,N1-house,N1,house,87,7,10.63017177,1+,no,0,s98,1000000,1000000,upper,2,#VALUE!,N1-house,stay,house,#VALUE!,87,-1.066666667,0.0019791,0,0.0001,0,0.0018791,0.0001,0,0,0,0,0,0,0.0001,0,0.0097,data,0,0,,
471,post,2010/10/20,N,C-B,“ªG-YGR,N-“ªG-YGR,1000000,’E‘–,,’E‘–,184,73.4,11.78263952,1+,male,1,1000000,1000000,1000000,1000000,1000000,#N/A,#N/A,#N/A,#N/A,#N/A,#N/A,#N/A,0,0,0,0,0,0,0,0,0,,,,,,,,,,,
472,post,2010/10/20,N,C-B,GR??,N-GR??,GRY,’E‘–,,’E‘–,175,54.2,10.11311953,2+,male,1,1000000,1000000,1000000,1000000,1000000,#VALUE!,N1-house,move,house,#VALUE!,187,-1.770666667,0,0,0,0,0,0,0,0,0,,,,,,,,,,,
473,post,2010/10/20,N,C-B,“ªY-RY?,N-“ªY-RY?,1000000,’E‘–,,’E‘–,173,54.1,10.4486205,2+,female,1,1000000,e19,f28,1000000,1000000,#N/A,#N/A,#N/A,#N/A,#N/A,#N/A,#N/A,0,0,0,0,0,0,0,0,0,,,,,,,,,,130,ok
474,post,2010/10/20,N,C-B,GRDG,N-GRDG,GGR,’E‘–,,’E‘–,148,34,10.48802638,2+,male,1,1000000,1000000,1000000,1000000,1000000,#VALUE!,N1-house,move,house,#VALUE!,152,-1.573333333,0,0,0,0,0,0,0,0,0,,,,,,,,,,,
475,post,2010/10/20,N,A,YRRG,N-YRRG,YYD,N1-all,N1,all,171,53.9,10.7795451,2+,male,1,s99,1000000,f29,lower,1,#VALUE!,N1-all,stay,all,#VALUE!,171,-1.561333333,0.1390317,0.0904404,0.0402771,0,0.0083142,0.1307175,0,0,0.0904404,0,0,0.3216,0.1434,0,0.0414,data,0,0,,ok
476,post,2010/10/20,N,A,YRGR,N-YRGR,YDY,N1-all,N1,all,169,51.3,10.62813963,2+,female,1,s100,e24,f30,lower,1,#VALUE!,N1-all,stay,all,#VALUE!,166,-1.529333333,0.02392465,0.01992465,0.0039073,0,0.0000927,0.02383195,0.01992465,0,0,0.0711,0,0,0.0142,0,0.0009,data,0,0,72,ok
477,post,2010/10/20,N,A,YGGR,N-YGGR,1000000,N1-all,N1,all,132,25.7,11.17406851,1+,female,1,s101,e29,f31,lower,1,#VALUE!,N1-all,stay,all,#VALUE!,129,-1.377333333,0.05597539,0.02499165,0.0302557,0.00072804,0,0.05524735,0,0.02499165,0,0,0.0891,0,0.1078,0.0052,0,data,0,0,69,ok
478,post,2010/10/20,N,A,YRDD,N-YRDD,1000000,N1-all,N1,all,90,6.7,9.190672154,1+,no,0,s102,1000000,1000000,lower,1,#VALUE!,N1-all,stay,all,#VALUE!,85,-1.044,0.0105092,0,0.0074542,0.0001,0.002955,0.0074542,0,0,0,0,0,0,0.0268,0.0015,0.015,data,0,0,,
479,post,2010/10/20,N,A,YRYD,N-YRYD,1000000,N1-all,N1,all,126,21,10.49802637,1+,male,1,s103,1000000,1000000,lower,1,#VALUE!,N1-all,stay,all,#VALUE!,125,-1.386666667,0.01103479,0.00641265,0.0039073,0.00013494,0.0005799,0.01031995,0.00641265,0,0,0.0231,0,0,0.0142,0.0022,0.0033,data,0,0,,
480,post,2010/10/20,N,A,YGRY,N-YGRY,1000000,N1-all,N1,all,100,10.5,10.5,1+,no,0,s104,1000000,1000000,lower,1,#VALUE!,N1-all,stay,all,#VALUE!,98,-1.166666667,0.00716813,0,0.00500515,0.00215148,0.0000115,0.00500515,0,0,0,0,0,0,0.0181,0.0124,0.0005,data,20,0.002,,
481,post,2010/10/20,N,A,YRGY,N-YRGY,DRR,N1-all,N1,all,150,38,11.25925926,2+,female,1,1000000,e22,1000000,lower,1,#VALUE!,N1-all,stay,all,#VALUE!,150,-1.493333333,0,0,0,0,0,0,0,0,0,,,,,,,,,,,
482,post,2010/10/20,N,A,-,-,1000000,N1-all,N1,all,95,10,11.6635078,1+,no,0,1000000,1000000,1000000,lower,1,#N/A,#N/A,#N/A,#N/A,#N/A,#N/A,#N/A,0,0,0,0,0,0,0,0,0,,,,,,,,,,,
483,post,2010/10/20,N,A,YRDG,N-YRDG,1000000,N1-all,N1,all,101,10,9.705901479,1+,no,0,s105,1000000,1000000,lower,1,#VALUE!,N1-all,stay,all,#VALUE!,100,-1.2,0.01435116,0,0.0140976,0.00025356,0,0.0140976,0,0,0,0,0,0,0.0504,0.0028,0,data,0,0,,
484,post,2010/10/20,N,A,YRYG,N-YRYG,1000000,N1-all,N1,all,96,9,10.17252604,1+,no,0,s106,1000000,1000000,lower,1,#VALUE!,N1-all,stay,all,#VALUE!,93,-1.12,0.1148356,0,0.1144805,0.0001,0.0002551,0.1144805,0,0,0,0,0,0,0.407,0.0005,0.0017,data,0,0,,
485,post,2010/10/20,N,A,YGGG,N-YGGG,1000000,N1-all,N1,all,103,10.8,9.883529921,1+,no,0,1000000,1000000,1000000,lower,1,#VALUE!,N1-all,stay,all,#VALUE!,100,-1.189333333,0,0,0,0,0,0,0,0,0,,,,,,,,,,,
486,post,2010/10/20,N,A,YRRY,N-YRRY,YDR,N1-all,N1,all,172,57.4,11.28045329,2+,female,1,s107,e30,f32,lower,2,#VALUE!,N1-all,stay,all,#VALUE!,170,-1.501333333,0.16432897,0.15335565,0.00618745,0.00426687,0.000519,0.1595431,0.15335565,0,0,0.5451,0,0,0.0223,0.0231,0.003,data,0,0,90,ok
487,post,2010/10/20,N,B,-,-,1000000,N1-net,N1,net,162,41,9.643591669,2+,male,1,1000000,1000000,1000000,lower,1,#N/A,#N/A,#N/A,#N/A,#N/A,#N/A,#N/A,0,0,0,0,0,0,0,0,0,,,,,,,,,,,
488,post,2010/10/20,N,B,GDGR,N-GDGR,1000000,N1-net,N1,net,134,27.3,11.34614298,1+,no,0,s108,1000000,1000000,lower,1,#VALUE!,N1-net,stay,net,#VALUE!,130,-1.369333333,0.02441003,0,0.00894615,0.00274458,0.0127193,0.00894615,0,0,0,0,0,0,0.0321,0.0154,0.0631,data,0,0.0015,,
489,post,2010/10/20,N,B,GGDY,N-GGDY,1000000,N1-net,N1,net,107,14,11.42817028,1+,no,0,s109,1000000,1000000,lower,1,#VALUE!,N1-house,move,house,#VALUE!,107,-1.24,0.02041185,0.01542065,0.0046955,0,0.0002957,0.02011615,0.01542065,0,0,0.0551,0,0,0.017,0,0.0019,data,2,0.0001,,
490,post,2010/10/20,N,B,-,-,1000000,N1-net,N1,net,79,5.7,11.56095157,1+,no,0,1000000,1000000,1000000,lower,1,#N/A,#N/A,#N/A,#N/A,#N/A,#N/A,#N/A,0,0,0,0,0,0,0,0,0,,,,,,,,,,,
491,post,2010/10/20,N,B,GGRY,N-GGRY,(4‚Â‚ßG?),N1-net,N1,net,130,23.6,10.7419208,1+,female,1,s110,1000000,f33,lower,1,#VALUE!,N1-house,move,house,#VALUE!,124,-1.338666667,0.06103115,0.00759495,0.0388696,0,0.0145666,0.04646455,0.00759495,0,0,0.0273,0,0,0.1384,0,0.0722,data,19,0.0052,,ok
492,post,2010/10/20,N,B,GYYY,N-GYYY,1000000,N1-net,N1,net,135,27.7,11.25844638,1+,no,0,s111,1000000,1000000,lower,1,#VALUE!,N1-net,stay,net,#VALUE!,128,-1.337333333,0.01806815,0.00387915,0.0111137,0.0001,0.0029753,0.01499285,0.00387915,0,0,0.0141,0,0,0.0398,0.0008,0.0151,data,0,0,,
493,post,2010/10/20,N,B,GGGR,N-GGGR,,N1-net,N1,net,121,16.6,9.370267239,1+,no,0,s112,1000000,1000000,lower,1,#VALUE!,N1-house,move,house,#VALUE!,101,-1.125333333,0.0305574,0,0.026934,0.0001,0.0035234,0.026934,0,0,0,0,0,0,0.096,0.0011,0.0178,data,0,0,,
494,post,2010/10/20,N,B,GDDD,N-GDDD,,N1-net,N1,net,105,12.6,10.88435374,1+,no,0,s113,1000000,1000000,lower,1,#VALUE!,N1-net,stay,net,#VALUE!,107,-1.258666667,0.0082716,0,0.0013175,0,0.0069541,0.0013175,0,0,0,0,0,0,0.005,0,0.0347,data,2,0.0001,,
495,post,2010/10/20,N,B,GDYD,N-GDYD,,N1-net,N1,net,93,8.8,10.94041576,1+,no,0,s114,1000000,1000000,lower,1,#VALUE!,N1-net,stay,net,#VALUE!,94,-1.136,0.00512802,0,0.0040199,0.00060942,0.0004987,0.0040199,0,0,0,0,0,0,0.0146,0.0046,0.0029,data,1,xxx,,
496,post,2010/10/20,N,B,GYGR,N-GYGR,YRY,N1-net,N1,net,143,29.6,10.12240242,2+,no,0,s115,1000000,1000000,upper,1,#VALUE!,N1-net,stay,net,#VALUE!,147,-1.565333333,0.02810465,0,0.02206405,0,0.0060406,0.02206405,0,0,0,0,0,0,0.0787,0,0.0302,data,0,0,,
497,post,2010/10/20,N,B,GYGD,N-GYGD,,N1-net,N1,net,138,26.1,9.931234761,1+,female,1,s116,e8,f34,upper,1,#VALUE!,N1-net,stay,net,#VALUE!,140,-1.518666667,0.01697695,0.00371025,0.0104944,0,0.0027723,0.01420465,0,0,0.00371025,0,0,0.0135,0.0376,0,0.0141,data,0,0,67,ok
498,post,2010/10/20,N,B,GYYG,N-GYYG,,N1-net,N1,net,140,24.8,9.037900875,2+,female,1,s117,e3,f35,upper,1,#VALUE!,N1-net,stay,net,#VALUE!,142,-1.562666667,0.0201551,0,0.0191083,0,0.0010468,0.0191083,0,0,0,0,0,0,0.0682,0,0.0056,data,3,xxx,62,ok
499,post,2010/10/20,N,B,GYGG,N-GYGG,,N1-net,N1,net,157,44.2,11.42150442,2+,male,1,s118,1000000,1000000,upper,1,#VALUE!,N1-net,stay,net,#VALUE!,153,-1.450666667,0.02057045,0,0.00866465,0.0001,0.0118058,0.00866465,0,0,0,0,0,0,0.0311,0.0006,0.0586,data,0,0,,
500,post,2010/10/20,N,B,-,-,,N1-net,N1,net,110,15.5,11.64537941,1+,no,0,1000000,1000000,1000000,upper,1,#N/A,#N/A,#N/A,#N/A,#N/A,#N/A,#N/A,0,0,0,0,0,0,0,0,0,,,,,,,,,,,
501,post,2010/10/20,N,B,GDGD,N-GDGD,,N1-net,N1,net,126,17.2,8.598383504,1+,no,0,1000000,1000000,1000000,upper,1,#VALUE!,N1-net,stay,net,#VALUE!,127,-1.464,0,0,0,0,0,0,0,0,0,,,,,,,,,,,
502,post,2010/10/20,N,B,GDGG,N-GDGG,,N1-net,N1,net,130,24.4,11.10605371,1+,male,1,1000000,1000000,1000000,upper,1,#VALUE!,N1-net,stay,net,#VALUE!,131,-1.421333333,0,0,0,0,0,0,0,0,0,,,,,,,,,,,
503,post,2010/10/20,N,B,GDDR,N-GDDR,,N1-net,N1,net,103,10.5,9.608987423,1+,no,0,1000000,1000000,1000000,upper,1,#VALUE!,N1-net,stay,net,#VALUE!,106,-1.273333333,0,0,0,0,0,0,0,0,0,,,,,,,,,,,
504,post,2010/10/20,N,B,GDRY,N-GDRY,,N1-net,N1,net,118,16.7,10.16413557,1+,no,0,1000000,1000000,1000000,upper,1,#VALUE!,N1-net,stay,net,#VALUE!,120,-1.377333333,0,0,0,0,0,0,0,0,0,,,,,,,,,,,
505,post,2010/10/20,N,B,-,-,,N1-net,N1,net,82,6,10.88202435,1+,no,0,1000000,1000000,1000000,lower,2,#N/A,#N/A,#N/A,#N/A,#N/A,#N/A,#N/A,0,0,0,0,0,0,0,0,0,,,,,,,,,,,
506,post,2010/10/20,N,B,-,-,,N1-net,N1,net,110,12,9.015777611,1+,no,0,1000000,1000000,1000000,lower,2,#N/A,#N/A,#N/A,#N/A,#N/A,#N/A,#N/A,0,0,0,0,0,0,0,0,0,,,,,,,,,,,
507,post,2010/10/20,N,B,GDGY,N-GDGY,,N1-net,N1,net,86,6.5,10.21922598,1+,no,0,1000000,1000000,1000000,lower,2,#VALUE!,N1-net,stay,net,#VALUE!,85,-1.046666667,0,0,0,0,0,0,0,0,0,,,,,,,,,,,
508,post,2010/10/20,N,B,GYRY,N-GYRY,YRR,N1-net,N1,net,217,102.7,10.05058271,2+,male,1,1000000,1000000,1000000,lower,2,#VALUE!,N1-net,stay,net,#VALUE!,219,-1.550666667,0,0,0,0,0,0,0,0,0,,,,,,,,,,,
509,post,2010/10/20,H,B,RRDG,H-RRDG,RGR,H1-house,H1,house,151,35.5,10.31092223,2+,female,1,1000000,e11,f38,,,#VALUE!,H1-house,stay,house,#VALUE!,155,-1.593333333,,,0,0,0,0,0,0,0,,,,,,,,,,34,ok
510,post,2010/10/20,H,B,NM,NM,NM,H1-house,H1,house,123,16.6,8.920573045,2+,female,1,1000000,e20,f36,,,,,,,,,,,,,,,,,,,,,,,,,,,,37,ok
511,post,2010/10/20,,,,,,,,,163,,,2+,female,1,1000000,1000000,f37,,,,,,,,,,,,,,,,,,,,,,,,,,,,106,ok
512,post,2010/10/20,H,C,RDDR,H-RDDR,GGD,H1-all,H1,all,183,,,2+,male,1,1000000,1000000,S52,,,,,,,,,,,,,,,,,,,,,,,,,,,,,ok